scene_name,entry_condition,user_message,target,scene_text,funcs
Изменение лимита по кредитной карте,"Запрос пользователя связан с одной из перечисленных тем:
1) увеличение кредитного лимита
2) уменьшение кредитного лимита",Какой у вас курс доллара сегодня?,0,"Подтверждение личности клиента. Проверка текущего лимита и баланса. - Используй функцию check_credit_limit() для получения информации. Анализ финансового состояния клиента. - Если необходимо, предложи варианты изменения лимита. Оформление запроса на изменение лимита. - Используй функцию submit_limit_change_request() для оформления.","[""check_credit_limit(), submit_limit_change_request()""]"
Информация о страховании,"Запрос пользователя связан с одной из перечисленных тем:
1) условия страхования
2) полисы и их обновление
3) компенсация по страховому случаю",Привет! Когда будет следующая игра футбольной лиги?,0,"Подтверждение данных клиента. Проверка доступных страховых полисов. - Используй функцию fetch_insurance_options() для получения информации. Объяснение условий страхования. - Если необходимо, предложи варианты полисов. Оформление заявки на страхование. - Используй функцию submit_insurance_application() для оформления.","[""fetch_insurance_options(), submit_insurance_application()""]"
Информация о кредите,"Запрос пользователя связан с одной из перечисленных тем:
1) условия кредита
2) процентная ставка",Какой у вас курс доллара сегодня?,0,"Запрос информации о типах кредитов. Проверка требований к заемщикам. - Используй функцию check_borrower_requirements() для получения информации. Выбор подходящего кредита. - Если необходимо, предложи варианты. Подготовка документов для оформления. - Используй функцию prepare_documents() для подготовки.","[""check_borrower_requirements(), prepare_documents()""]"
Изменение лимита кредитной карты,"Запрос пользователя связан с одной из перечисленных тем:
1) изменение кредитного лимита
2) повышение лимита по кредитной карте","Мне интересно, почему вы такие высокие проценты берете?",0,"Подтверждение личности клиента. Проверка текущего лимита и истории использования. - Используй функцию check_current_limit() для получения информации. Оценка возможности увеличения лимита. - Если необходимо, предложи варианты. Применение изменений к лимиту. - Используй функцию apply_limit_change() для оформления.","[""check_current_limit(), apply_limit_change()""]"
Запрос выписки по счету,"Запрос пользователя связан с одной из перечисленных тем:
1) получение выписки
2) проверка баланса
3) запрос о транзакциях",Мне нужна выписка по счету за последний месяц.,1,Подтверждение данных клиента. Проверка доступных счетов. - Используй функцию retrieve_accounts() для получения информации. Выбор периода для выписки. Генерация выписки по счету. - Используй функцию generate_statement() для создания выписки.,"[""retrieve_accounts(), generate_statement()""]"
Информация о кредитном лимите,"Запрос пользователя связан с одной из перечисленных тем:
1) кредитный лимит
2) изменение условий кредита",Какой у меня кредитный лимит?,1,"Подтверждение информации о клиенте. Проверка текущего кредитного лимита. - Используй функцию check_credit_limit() для получения данных. Оценка возможности увеличения лимита. - Если необходимо, предложи условия. Предоставление информации о лимите и условиях его изменения.","[""check_credit_limit()""]"
Получение потребительского кредита,"Запрос пользователя связан с одной из перечисленных тем:
1) получение кредита
2) кредитная ставка
3) условия кредитования",Можно мне взять кредит на 100000 рублей?,1,"Подтверждение личности клиента. Проверка кредитоспособности. - Используй функцию check_creditworthiness() для получения информации. Выбор суммы и срока кредита. - Если необходимо, предложи варианты. Оформление договора кредитования. - Используй функцию create_credit_agreement() для оформления.","[""check_creditworthiness(), create_credit_agreement()""]"
Изменение лимита по кредитной карте,"Запрос пользователя связан с одним из перечисленных тем:
1) изменение кредитного лимита
2) перерасчет условий кредита",Почему мой баланс такой низкий? Я же платил по кредиту!,0,Подтверждение данных клиента. Проверка текущего лимита по кредитной карте. - Используй функцию check_current_limit() для получения информации. Оценка финансового состояния клиента. - Используй функцию assess_financial_status() для анализа. Обновление лимита по кредитной карте. - Используй функцию update_credit_limit() для внесения изменений.,"[""check_current_limit(), assess_financial_status(), update_credit_limit()""]"
Оформление кредита,"Запрос пользователя связан с одной из перечисленных тем:
1) кредитная история
2) условия предоставления кредита
3) процесс подачи заявки на кредит",Мне нужно проверить последние транзакции по счету.,0,"Сбор необходимой информации от клиента. Проверка кредитной истории. - Используй функцию check_credit_history() для получения информации. Предложение вариантов кредитных условий. - Если необходимо, предложи варианты. Оформление заявки на кредит. - Используй функцию submit_credit_application() для оформления.","[""check_credit_history(), submit_credit_application()""]"
Оформление кредита,"Запрос пользователя связан с одной из перечисленных тем:
1) оформление кредита
2) условия кредитования",Я хочу узнать о вашем банке и его услугах.,0,"Подтверждение данных клиента. Проверка кредитной истории. - Используй функцию check_credit_history() для получения информации. Выбор условий кредита. - Если необходимо, предложи варианты. Оформление заявки на кредит. - Используй функцию submit_credit_application() для оформления.","[""check_credit_history(), submit_credit_application()""]"
Повышение кредитного лимита,"Запрос пользователя связан с одной из перечисленных тем:
1) увеличение кредитного лимита
2) условия кредитования","Мне нужен больший кредитный лимит, как это сделать?",1,Подтверждение идентификации клиента. Проверка текущего кредитного лимита и истории платежей. - Используй функцию check_credit_limit() для получения информации. Оценка финансового положения клиента. - Проверь доходы и расходы. Обработка запроса на увеличение лимита. - Используй функцию process_limit_increase_request() для оформления.,"[""check_credit_limit(), process_limit_increase_request()""]"
Состояние кредита,"Запрос пользователя связан с одной из перечисленных тем:
1) информация о кредите
2) состояние задолженности по кредиту",У вас есть информация о моем кредитном займе?,1,Подтверждение данных клиента. Получение информации о текущем состоянии кредита. - Используй функцию get_credit_status() для получения данных. Анализ сроков и платежей по кредиту. Предоставление рекомендаций по улучшению кредитного состояния.,"[""get_credit_status()""]"
Изменение лимита по кредиту,"Запрос пользователя связан с одной из перечисленных тем:
1) изменение кредитного лимита
2) возможность увеличения кредитного лимита","Вопрос по кредитам, а что у вас есть по вкладам?",0,Подтверждение данных клиента. Проверка текущего лимита. - Используй функцию check_current_limit() для получения информации. Оценка платежеспособности клиента. - Используй функцию evaluate_affordability() для анализа. Обновление лимита кредита. - Используй функцию update_credit_limit() для внесения изменений.,"[""check_current_limit(), evaluate_affordability(), update_credit_limit()""]"
Консультация по инвестициям,"Запрос пользователя связан с одной из перечисленных тем:
1) инвестиции
2) акции
3) фондовый рынок","Я хочу инвестировать в акции, какие есть варианты?",1,"Определение инвестиционных целей клиента. Анализ текущего инвестиционного портфеля. - Используй функцию analyze_investment_portfolio() для получения информации. Рекомендации по диверсификации активов. - Если необходимо, предложи варианты. Оформление договора на инвестиционное управление. - Используй функцию create_investment_agreement() для оформления.","[""analyze_investment_portfolio(), create_investment_agreement()""]"
Информация о кредите на жилье,"Запрос пользователя связан с одной из перечисленных тем:
1) ипотека
2) условия кредитования на жилье","Покажите мне, как открыть вклад.",0,"Сбор личной информации клиента. Оценка финансовых возможностей. - Используй функцию assess_financial_status() для получения информации. Предложение доступных программ кредитования. - Если необходимо, предложи варианты. Консультация по документам для оформления. - Используй функцию list_required_documents() для получения списка.","[""assess_financial_status(), list_required_documents()""]"
Информация о кредите,"Запрос пользователя связан с одной из перечисленных тем:
1) условия получения кредита
2) ставки по кредитам
3) процедуру оформления кредита",Почему у меня так долго деньги на счете висят?,0,"Запрос личных данных клиента для получения информации о кредите. Проверка доступных кредитных продуктов. - Используй функцию get_credit_products() для получения информации. Обсуждение условий кредитования. - Если необходимо, предложи варианты. Подготовка документов для оформления кредита. - Используй функцию prepare_credit_documents() для подготовки.","[""get_credit_products(), prepare_credit_documents()""]"
Изменение условий кредита,"Запрос пользователя связан с одной из перечисленных тем:
1) изменение процентной ставки
2) увеличение срока кредита","Мне нужно узнать, сколько у меня осталось до конца кредита.",0,"Подтверждение идентичности клиента. Оценка текущих условий кредита. - Используй функцию assess_current_terms() для получения информации. Предложение новых условий кредита. - Если требуется, предложи варианты. Оформление изменений в кредитном договоре. - Используй функцию update_credit_terms() для внесения изменений.","[""assess_current_terms(), update_credit_terms()""]"
Статус заявки на кредит,"Запрос пользователя связан с одной из перечисленных тем:
1) статус заявки на кредит
2) информация о кредитной истории","Как узнать, что с заявкой на кредит, которую я подавал месяц назад?",1,Подтверждение личности клиента. Проверка текущего статуса заявки. - Используй функцию check_application_status() для получения информации. Оповещение клиента о статусе. - Сообщи результаты проверки. Предложение дальнейших шагов в зависимости от статуса заявки.,"[""check_application_status()""]"
Процесс получения кредита,"Запрос пользователя связан с одной из перечисленных тем:
1) потребительский кредит
2) ипотечный кредит
3) кредит на автомобиль",Какой у вас процент по банковским вкладам?,0,"Подтверждение данных клиента. Проверка кредитной истории. - Используй функцию check_credit_history() для получения информации. Выбор условий кредита. - Если необходимо, предложи варианты. Оформление заявки на кредит. - Используй функцию submit_credit_application() для оформления.","[""check_credit_history()"", ""submit_credit_application()""]"
Узнать кредитный лимит,"Запрос пользователя связан с одной из перечисленных тем:
1) кредитование
2) кредитный лимит","Почему у меня ограничения по счету? Я думал, что могу больше тратить.",1,"Подтверждение данных клиента. Проверка текущего кредитного лимита. - Используй функцию check_credit_limit() для получения информации. Информирование клиента о доступном лимите. Предложение увеличить кредитный лимит. - Если клиент заинтересован, переходи к следующему этапу.","[""check_credit_limit()""]"
Изменение кредитного лимита,"Запрос пользователя связан с одной из перечисленных тем:
1) увеличение кредитного лимита
2) условия предоставления кредита","У меня сейчас есть кредитка, и я хочу, чтобы вы её увеличили, но не помню все детали.",1,"Подтверждение идентификации клиента. Проверка текущего кредитного лимита. - Используй функцию check_current_limit() для получения информации. Оценка возможности увеличения лимита. - Если необходимо, предложи различные варианты. Оформление запроса на изменение лимита. - Используй функцию submit_limit_change_request() для оформления.","[""check_current_limit(), submit_limit_change_request()""]"
Изменение кредитного лимита,"Запрос пользователя связан с одной из перечисленных тем:
1) изменение лимита по кредиту
2) увеличение кредитного лимита",Как я могу открыть новый счет в вашем банке?,0,Подтверждение данных клиента. Проверка текущего лимита кредитной карты. - Используй функцию check_current_limit() для получения информации. Оценка финансового состояния клиента. - Используй функцию assess_financial_status() для анализа. Обновление кредитного лимита. - Используй функцию update_credit_limit() для внесения изменений.,"[""check_current_limit(), assess_financial_status(), update_credit_limit()""]"
Статус кредита,"Запрос пользователя связан с одной из перечисленных тем:
1) кредитная заявка
2) изменения условий кредита",Расскажи мне о ваших вкладах.,0,Подтверждение личных данных клиента. Проверка текущего статуса кредита. - Используй функцию check_loan_status() для получения информации. Информирование клиента о сроках рассмотрения заявки. Подготовка рекомендаций по дальнейшим действиям.,"[""check_loan_status()""]"
Кредитование,"Запрос пользователя связан с одной из перечисленных тем:
1) условия кредитования
2) процесс подачи заявки на кредит",Могу ли я получить кредит на покупку машины?,1,"Подтверждение личности клиента. Анализ финансового состояния. - Используй функцию analyze_financial_status() для получения информации. Предложение условий кредита. - Если необходимо, предоставь варианты. Оформление заявки на кредит. - Используй функцию submit_credit_application() для оформления.","[""analyze_financial_status(), submit_credit_application()""]"
Изменение лимита кредита,"Запрос пользователя связан с одной из перечисленных тем:
1) кредитный лимит
2) изменение условий кредитования","Нужен больший лимит, у меня расходы.",1,Подтверждение данных клиента. Проверка текущего лимита кредита. - Используй функцию check_current_limit() для получения информации. Оценка финансовой ситуации клиента. - Используй функцию assess_financial_status() для анализа. Формирование нового лимита. - Используй функцию update_credit_limit() для внесения изменений.,"[""check_current_limit(), assess_financial_status(), update_credit_limit()""]"
Информация о кредите,"Запрос пользователя связан с одной из перечисленных тем:
1) информация о кредитах
2) условия получения кредита",Как мне узнать условия по автокредиту?,1,Сбор информации о клиенте. Проверка доступных кредитных продуктов. - Используй функцию get_credit_products() для получения данных. Оценка кредитоспособности. - Используй функцию assess_creditworthiness() для анализа. Предоставление условий и сроков кредита.,"[""get_credit_products(), assess_creditworthiness()""]"
Изменение лимита по кредитной карте,"Запрос пользователя связан с одной из перечисленных тем:
1) изменение кредитного лимита
2) увеличение лимита на покупку","Я хочу поднять лимит, могу ли я сделать это?",1,Подтверждение данных клиента. Проверка текущего лимита карты. - Используй функцию check_current_limit() для получения информации. Оценка финансового состояния. - Используй функцию assess_financial_status() для анализа. Подтверждение нового лимита. - Используй функцию update_credit_limit() для внесения изменений.,"[""check_current_limit(), assess_financial_status(), update_credit_limit()""]"
Увеличение кредитного лимита,"Запрос пользователя связан с одной из перечисленных тем:
1) кредитные карты
2) кредитные лимиты","Я хочу увеличить лимит по своей кредитке, напишите, как это сделать.",1,"Подтверждение данных клиента. Проверка текущего кредитного лимита. - Используй функцию check_current_credit_limit() для получения информации. Оценка финансового состояния. - Если необходимо, запроси дополнительные документы. Обработка запроса на увеличение лимита. - Используй функцию process_limit_increase_request() для завершения.","[""check_current_credit_limit(), process_limit_increase_request()""]"
Информация о кредите,"Запрос пользователя связан с одной из перечисленных тем:
1) условия кредитования
2) процентные ставки по кредитам","Скажите, где у вас ближайший банкомат?",0,Подтверждение данных клиента. Проверка кредитной истории. - Используй функцию check_credit_history() для получения информации. Выбор суммы и срока кредита. - Предложи варианты на основе данных клиента. Оформление заявки на кредит. - Используй функцию submit_credit_application() для оформления.,"[""check_credit_history(), submit_credit_application()""]"
Информация о кредите,"Запрос пользователя связан с одной из перечисленных тем:
1) условия получения кредита
2) информация о задолженности по кредиту","Мне нужно знать, какие условия для нового кредита.",1,"Подтверждение данных клиента. Проверка кредитной истории. - Используй функцию check_credit_history() для получения информации. Предоставление информации о процентных ставках и условиях. - Если необходимо, предложи варианты. Оформление заявки на кредит. - Используй функцию submit_credit_application() для оформления.","[""check_credit_history(), submit_credit_application()""]"
Управление кредитным лимитом,"Запрос пользователя связан с одной из перечисленных тем:
1) увеличение кредитного лимита
2) тратная способность по кредиту","Я хотел бы узнать, как перевести деньги на другой счет.",0,"Подтверждение данных клиента. Проверка текущего кредитного лимита. - Используй функцию check_credit_limit() для получения информации. Предложение изменения кредитного лимита. - Если необходимо, предложи варианты. Оформление запроса на изменение кредитного лимита. - Используй функцию submit_credit_limit_change() для оформления.","[""check_credit_limit(), submit_credit_limit_change()""]"
Увеличение кредитного лимита,"Запрос пользователя связан с одной из перечисленных тем:
1) кредитная линия
2) кредитный лимит","У меня уже есть лимит, но я не помню как его увеличить?",1,Подтверждение данных клиента. Проверка текущего кредитного лимита. Оценка платежеспособности клиента. - Используй функцию assess_creditworthiness() для оценки. Обработка запроса на увеличение лимита. - Используй функцию process_limit_increase_request() для обработки.,"[""assess_creditworthiness(), process_limit_increase_request()""]"
Изменение условий кредита,"Запрос пользователя связан с одной из перечисленных тем:
1) изменение процентной ставки
2) изменение срока кредита",Почему у вас такие высокие ставки по вкладам?,0,"Подтверждение данных клиента. Проверка действующих условий кредита. - Используй функцию check_current_loan_terms() для получения информации. Оценка возможности изменения условий. - Если необходимо, предложи варианты. Оформление новой заявки на изменение условий кредита. - Используй функцию submit_loan_terms_change() для оформления.","[""check_current_loan_terms(), submit_loan_terms_change()""]"
Изменение условий кредитования,"Запрос пользователя связан с одной из перечисленных тем:
1) изменение условий кредита
2) рефинансирование кредита","Мне нужно изменить условия по моему кредиту, можно это сделать?",1,"Подтверждение текущих условий кредита. Проверка возможности изменения условий. - Используй функцию check_eligibility_for_modification() для проверки. Предложение новых условий кредита. - Если возможно, перечисли предлагаемые варианты. Оформление запроса на изменение условий. - Используй функцию submit_modification_request() для обработки.","[""check_eligibility_for_modification(), submit_modification_request()""]"
Информация о кредитной линии,"Запрос пользователя связан с одной из перечисленных тем:
1) увеличение кредитного лимита
2) информация о текущем кредитном лимите","Я хочу узнать, могу ли я увеличить свой кредитный лимит?",1,"Подтверждение данных клиента. Проверка кредитной истории. - Используй функцию check_credit_history() для получения информации. Предложение условий кредитной линии. - Если необходимо, представь варианты. Получение инструкций по подаче заявки. - Используй функцию provide_application_instructions() для получения информации.","[""check_credit_history(), provide_application_instructions()""]"
Оформление кредита,"Запрос пользователя связан с одной из перечисленных тем:
1) получение кредита
2) условия кредита","Хочу узнать про ваши кредиты, может нужны какие-то документы?",1,"Сбор информации о заемщике. Проверка кредитной истории. - Используй функцию check_credit_history() для получения информации. Предложение условий кредита. - Если необходимо, предложи варианты на выбор. Оформление заявки на кредит. - Используй функцию submit_credit_application() для оформления.","[""check_credit_history(), submit_credit_application()""]"
Кредит на образование,"Запрос пользователя связан с одной из перечисленных тем:
1) кредитование
2) образовательные кредиты","Какой-то у вас там интересный кредит, расскажите!",1,"Сбор информации о программе обучения. Проверка финансового состояния клиента. - Используй функцию assess_financial_status() для анализа. Выбор подходящего плана кредита. - Если необходимо, предложи варианты. Оформление заявки на кредит на образование. - Используй функцию submit_education_credit_application() для оформления.","[""assess_financial_status(), submit_education_credit_application()""]"
Информация о кредитном лимите,"Запрос пользователя связан с одной из перечисленных тем:
1) кредитные карты
2) кредитование",Какой у меня кредитный лимит на карте?,1,"Подтверждение данных клиента. Проверка текущего кредитного лимита. - Используй функцию check_credit_limit() для получения информации. Оценка возможности увеличения лимита. - Если возможно, предложи варианты. Информирование клиента о результате. - Используй функцию notify_client() для уведомления.","[""check_credit_limit(), notify_client()""]"
Изменение условий кредита,"Запрос пользователя связан с одной из перечисленных тем:
1) изменение срока кредита
2) изменение процентной ставки
3) рефинансирование кредита",Какой у вас самый выгодный вклад в этом месяце?,0,"Идентификация клиента. Подбор новых условий кредита. - Если необходимо, предложи варианты. Проверка возможности изменения условий. - Используй функцию check_eligibility() для получения информации. Оформление изменений. - Используй функцию update_credit_terms() для внесения изменений.","[""check_eligibility(), update_credit_terms()""]"
Кредитная история,"Запрос пользователя связан с одной из перечисленных тем:
1) получение кредитной истории
2) проверка кредитного рейтинга","Что-нибудь по кредитам расскажите, может, у меня есть долги?",0,Запрос информации о клиенте. Проверка кредитной истории. - Используй функцию check_credit_history() для получения информации. Информирование клиента о результатах проверки. Предложение рекомендаций по улучшению кредитной истории.,"[""check_credit_history()""]"
Кредит на обучение,"Запрос пользователя связан с одной из перечисленных тем:
1) кредит на обучение
2) условия получения кредита
3) информация о ставках","Какой там кредит на учёбу, не знаешь?",1,"Сбор информации о программе обучения. Оценка финансовых потребностей. - Используй функцию assess_financial_needs() для расчета нужной суммы. Предложение условий кредита. - Если необходимо, предложи варианты. Оформление заявки на кредит. - Используй функцию submit_loan_application() для оформления.","[""assess_financial_needs(), submit_loan_application()""]"
Изменение условий кредита,"Запрос пользователя связан с одной из перечисленных тем:
1) изменение условий кредита
2) просьба о рефинансировании","Мне нужно изменить условия моего кредита. Я хочу, чтобы у меня была меньшая процентная ставка.",1,"Подтверждение идентичности клиента. Проверка текущих условий кредита. - Используй функцию check_current_terms() для получения информации. Предложение новых условий кредита. - Если необходимо, дай рекомендации. Оформление изменения условий кредита. - Используй функцию submit_terms_change() для оформления.","[""check_current_terms(), submit_terms_change()""]"
Изменение лимита по кредиту,"Запрос пользователя связан с одной из перечисленных тем:
1) изменение кредитного лимита
2) увеличение лимита по кредитной карте","Здравствуйте, сколько у вас счетов? Я вот планирую взять кредит.",0,"Подтверждение данных клиента. Проверка текущего лимита кредитной карты. - Используй функцию check_current_limit() для получения информации. Оценка возможностей изменения лимита. - Если необходимо, предложи варианты. Принятие решения по изменению лимита. - Используй функцию update_credit_limit() для внесения изменений.","[""check_current_limit(), update_credit_limit()""]"
Оформление кредита,"Запрос пользователя связан с одной из перечисленных тем:
1) получение кредита
2) условия кредитования",Какой у вас курс валют?,0,"Подтверждение личности клиента. Проверка кредитной истории. - Используй функцию check_credit_history() для получения информации. Обсуждение условий кредита. - Если необходимо, предложи варианты. Оформление кредитного договора. - Используй функцию submit_credit_application() для оформления.","[""check_credit_history(), submit_credit_application()""]"
Проверка состояния кредита,"Запрос пользователя связан с одной из перечисленных тем:
1) текущий баланс кредита
2) история платежей по кредиту",Какие акции у вас сейчас есть?,0,Подтверждение данных клиента. Проверка текущего баланса кредита. - Используй функцию check_credit_balance() для получения информации. Просмотр графика платежей. - Используй функцию get_payment_schedule() для отображения. Выяснение возможности досрочного погашения. - Используй функцию check_early_repayment_option() для проверки.,"[""check_credit_balance(), get_payment_schedule(), check_early_repayment_option()""]"
Информация о кредите,"Запрос пользователя связан с одной из перечисленных тем:
1) условия получения кредита
2) ставки по кредиту",Как я могу узнать о ставках по ипотечному кредиту?,1,Сбор информации о клиенте. Проверка условий кредитования. - Используй функцию check_loan_conditions() для получения информации. Предоставление информации о необходимых документах. Ответ на возможные вопросы клиента.,"[""check_loan_conditions()""]"
Условия кредитования,"Запрос пользователя связан с одной из перечисленных тем:
1) условия кредитования
2) процентные ставки по кредитам","Мне нужно узнать, как открыть депозит в вашем банке.",0,"Запрос информации о необходимых документах. Определение максимальной суммы кредита. - Используй функцию calculate_max_loan_amount() для получения данных. Выбор сроков кредитования. - Если необходимо, предложи варианты. Предоставление информации о процентной ставке. - Используй функцию get_interest_rate() для получения данных.","[""calculate_max_loan_amount(), get_interest_rate()""]"
Рефинансирование кредита,"Запрос пользователя связан с одной из перечисленных тем:
1) условия рефинансирования
2) процентные ставки по кредитам
3) изменение сроков кредита","Я хотел бы узнать, какие у вас есть вклады.",0,Подтверждение информации о текущем кредите. Оценка возможности рефинансирования. - Используй функцию evaluate_refinancing_options() для анализа. Предложение новых условий кредита. - Предоставь несколько альтернатив. Оформление заявки на рефинансирование. - Используй функцию submit_refinancing_application() для оформления.,"[""evaluate_refinancing_options(), submit_refinancing_application()""]"
Информация о кредите,"Запрос пользователя связан с одной из перечисленных тем:
1) получение информации о ставках по кредиту
2) условия кредитования","Мне нужно поменять деньги, сколько будет за доллар?",0,Подтверждение идентификации клиента. Проверка доступных кредитных предложений. - Используй функцию get_credit_offers() для получения информации. Предоставление условий и ставок по кредитам. Заполнение заявки на интересующий кредит. - Используй функцию create_credit_request() для оформления.,"[""get_credit_offers(), create_credit_request()""]"
Оформление кредита,"Запрос пользователя связан с одной из перечисленных тем:
1) условия кредита
2) процесс подачи заявки на кредит","Мне нужно дело с займами, как это работает?",1,"Сбор информации о заемщике. Проверка кредитной истории. - Используй функцию check_credit_history() для получения информации. Выбор суммы и срока кредита. - Если необходимо, предложи варианты. Оформление заявки на кредит. - Используй функцию submit_credit_application() для оформления.","[""check_credit_history(), submit_credit_application()""]"
Информация о кредите,"Запрос пользователя связан с одной из перечисленных тем:
1) условия кредитования
2) размер процентной ставки
3) срок кредита","Я хочу узнать, сколько будет стоить кредит, если возьму 100 тысяч.",1,"Подтверждение личности клиента. Проверка доступных кредитных продуктов. - Используй функцию get_available_credit_products() для получения информации. Предложение условий по кредиту. - Если необходимо, предложи варианты. Регистрация интереса к кредиту. - Используй функцию register_interest() для оформления.","[""get_available_credit_products(), register_interest()""]"
Консультация по ипотечному кредитованию,"Запрос пользователя связан с одной из перечисленных тем:
1) ипотечное кредитование
2) условия по ипотечным кредитам
3) предварительная квалификация для получения ипотеки",Сколько стоит открыть счёт в вашем банке?,0,"Сбор информации о желаемой недвижимости. Оценка финансовых возможностей клиента. - Используй функцию evaluate_financial_status() для анализа. Предоставление вариантов ипотечных программ. - Если необходимо, предложи несколько вариантов. Оформление предварительного одобрения. - Используй функцию request_preapproval() для обработки.","[""evaluate_financial_status(), request_preapproval()""]"
Процесс кредитования,"Запрос пользователя связан с одной из перечисленных тем:
1) условия получения кредита
2) изменение кредитного лимита
3) текущие предложения по кредитам",Как мне узнать условия на получение кредита?,1,"Подтверждение данных клиента. Проверка кредитной истории. - Используй функцию check_credit_history() для получения информации. Выбор условий кредита. - Если необходимо, предложи варианты. Оформление заявки на кредит. - Используй функцию submit_credit_application() для оформления.","[""check_credit_history()"", ""submit_credit_application()""]"
Информация о кредите,"Запрос пользователя связан с одной из перечисленных тем:
1) условия получения кредита
2) проценты по кредитам",Какие условия на получение кредита в вашем банке?,1,"Запрос информации о необходимых документах. Определение доступных кредитных продуктов. - Используй функцию get_credit_products() для получения списка. ПроверкаEligibility для кредита. - Используй функцию check_eligibility() для анализа. Предложение альтернативных решений. - Если требуется, предоставь информацию.","[""get_credit_products(), check_eligibility()""]"
Кредит на обучение,"Запрос пользователя связан с одной из перечисленных тем:
1) кредит на обучение
2) условия получения кредита на образование","Мне нужно узнать, какие у вас бонусы по кредитным картам.",0,Подтверждение информации о кредите на обучение. ПроверкаEligibility для кредита. - Используй функцию check_eligibility() для получения информации. Обсуждение сроков и размеров кредита. - Предложи различные варианты. Оформление заявки на кредит на обучение. - Используй функцию submit_education_loan_application() для оформления.,"[""check_eligibility(), submit_education_loan_application()""]"
Изменение лимита по кредитной карте,"Запрос пользователя связан с одной из перечисленных тем:
1) изменение лимита по кредитной карте
2) увеличение доступного кредита","Как мне узнать, какой у меня лимит по карте?",0,"Подтверждение данных клиента. Проверка текущего лимита кредитной карты. - Используй функцию check_credit_limit() для получения информации. Оценка запроса на изменение лимита. - Если необходимо, предложи варианты новых лимитов. Оформление заявки на изменение лимита. - Используй функцию submit_limit_change_request() для оформления.","[""check_credit_limit(), submit_limit_change_request()""]"
Получение кредитного отчета,"Запрос пользователя связан с одной из перечисленных тем:
1) получение кредитного отчета
2) условия получения кредита","Мне нужно узнать, как получить информацию о моем кредите, но я не клиент, так что не знаю, что делать.",1,Подтверждение идентичности клиента. Запрос кредитного отчета. - Используй функцию request_credit_report() для получения информации. Предоставление информации о возможных ошибках в отчете. Информирование клиента о сроках получения отчета.,"[""request_credit_report()""]"
Кредитование на жилье,"Запрос пользователя связан с одной из перечисленных тем:
1) ипотечное кредитование
2) условия получения кредита на жилье","Какой максимальный срок кредита, если я хочу купить квартиру? Можете сказать?",1,Сбор информации о жилье и его стоимости. Оценка платежеспособности клиента. - Используй функцию assess_client_financials() для анализа. Предложение вариантов кредитов с различными условиями. Оформление предварительного одобрения кредита. - Используй функцию pre_approve_loan() для начала процесса.,"[""assess_client_financials()"", ""pre_approve_loan()""]"
Информация о кредитной ставке,"Запрос пользователя связан с одной из перечисленных тем:
1) условия кредитования
2) информация о процентных ставках","Что-то мне нужно, связанное с картами...",0,Получение текущих кредитных ставок. Проверка условий для различных типов кредитов. - Используй функцию check_credit_conditions() для получения информации. Предоставление информации о возможных изменениях ставок. Рекомендации по выбору оптимальной кредитной ставки. - Используй функцию suggest_best_rate() для формирования рекомендаций.,"[""check_credit_conditions(), suggest_best_rate()""]"
Статус заявки на кредит,"Запрос пользователя связан с одной из перечисленных тем:
1) кредитная заявка
2) статус кредита",Сколько у вас процентов по вкладам?,0,Подтверждение данных клиента. Проверка статуса заявки. - Используй функцию check_application_status() для получения информации. Информирование клиента о возможных этапах рассмотрения. Предоставление дополнительных рекомендаций по улучшению шансов на одобрение.,"[""check_application_status()""]"
Информация о кредитной линии,"Запрос пользователя связан с одной из перечисленных тем:
1) увеличение лимита кредита
2) условия получения кредита","Узнайте, сколько будет стоить ипотека, пожалуйста.",0,Подтверждение личных данных клиента. Проверка доступной кредитной линии. - Используй функцию check_credit_limit() для получения информации. Объяснение условий использования кредитной линии. - Уточни важные моменты. Предоставление информации о процессе оформления. - Используй функцию provide_application_info() для инструкций.,"[""check_credit_limit(), provide_application_info()""]"
Статус кредита,"Запрос пользователя связан с одной из перечисленных тем:
1) информация о кредите
2) статус заявки на кредит","Посмотрите, что-то с кредитом, не помню, как называется...",1,"Подтверждение данных клиента. Проверка текущего статуса кредита. - Используй функцию check_loan_status() для получения информации. Информирование о сроках выплаты. - Если необходимо, предоставь уточняющую информацию. Обновление информации о кредитном договоре. - Используй функцию update_loan_info() для внесения изменений.","[""check_loan_status(), update_loan_info()""]"
Статус кредита,"Запрос пользователя связан с одной из перечисленных тем:
1) получение информации о кредите
2) изменения в кредитных условиях",Как мне перевести деньги с одного счета на другой?,0,"Подтверждение данных клиента. Проверка текущего статуса кредита. - Используй функцию check_credit_status() для получения информации. Информирование клиента о сроках обработки. - Если необходимо, уточни сроки. Предоставление информации о возможных действиях. - Уведомить о следующих шагах в зависимости от статуса.","[""check_credit_status()""]"
Оформление кредита,"Запрос пользователя связан с одной из перечисленных тем:
1) оформление кредита
2) условия получения кредита","Как получить деньги? Я слышал, что вы даёте кредиты.",1,"Подтверждение данных клиента. Проверка кредитной истории. - Используй функцию check_credit_history() для получения информации. Выбор условий кредита. - Если необходимо, предложи варианты. Оформление заявки на кредит. - Используй функцию submit_credit_application() для оформления.","[""check_credit_history()"", ""submit_credit_application()""]"
Микрокредитование,"Запрос пользователя связан с одной из перечисленных тем:
1) условия микрокредитов
2) процентные ставки по микрокредитам",Какой у вас курс валюты сегодня?,0,"Сбор информации о клиенте. Анализ финансового состояния. - Используй функцию analyze_financial_status() для получения данных. Предложение вариантов микрокредита. - Если необходимо, предложи подходящие условия. Оформление договора на микрокредит. - Используй функцию finalize_microloan_agreement() для завершения процесса.","[""analyze_financial_status(), finalize_microloan_agreement()""]"
Статус кредита,"Запрос пользователя связан с одной из перечисленных тем:
1) статус кредита
2) условия кредита",Сколько у вас времени? Мой счет мне не интересен.,0,Подтверждение данных клиента. Проверка текущего статуса кредита. - Используй функцию check_loan_status() для получения информации. Информирование клиента о статусе и следующих шагах. Предложение связаться с менеджером в случае возникновения вопросов.,"[""check_loan_status()""]"
Изменение условий кредита,"Запрос пользователя связан с одной из перечисленных тем:
1) изменение сроков кредитования
2) изменение процентной ставки","Что там по поводу моего кредита? Хочу узнать, можно ли уменьшить ставку.",1,"Получение информации о текущих условиях кредита. Анализ возможностей изменения условий. - Используй функцию analyze_credit_terms() для получения данных. Предложение новых условий кредита. - Если требуются, сформируй несколько вариантов. Подтверждение изменения условий. - Используй функцию confirm_credit_terms_change() для завершения процесса.","[""analyze_credit_terms(), confirm_credit_terms_change()""]"
Проверка состояния кредита,"Запрос пользователя связан с одной из перечисленных тем:
1) состояние кредита
2) изменение условий кредита","Мне нужна информация о кредите, который я брал, а то не помню, как его проверить.",1,Подтверждение данных клиента. Получение информации о текущем состоянии кредита. - Используй функцию get_credit_status() для получения данных. Информирование клиента о возможных вариантах погашения. Ответы на дополнительные вопросы клиента.,"[""get_credit_status()""]"
Кредитная история,"Запрос пользователя связан с одной из перечисленных тем:
1) кредитная история
2) получение кредита
3) проверка задолженности",Какой у меня номер счета в банке?,0,Подтверждение личности клиента. Запрос информации о кредитной истории. - Используй функцию retrieve_credit_report() для получения данных. Анализ кредитной истории. - Определение возможных рисков и рекомендаций. Предоставление отчета клиенту. - Используй функцию deliver_credit_report() для отправки информации.,"[""retrieve_credit_report(), deliver_credit_report()""]"
Проверка кредитной истории,"Запрос пользователя связан с одной из перечисленных тем:
1) получение информации о кредитной истории
2) исправление ошибок в кредитной истории","Просто хотел узнать, как долго до зарплаты осталось старик!",0,Подтверждение личности клиента. Получение данных о кредитной истории. - Используй функцию retrieve_credit_history() для получения информации. Анализ кредитной истории. - Оценка состояния кредитоспособности. Выдача рекомендаций по улучшению кредитной истории.,"[""retrieve_credit_history()""]"
Информация о текущих инвестициях,"Запрос пользователя связан с одной из перечисленных тем:
1) инвестиции
2) портфель активов","Эй, че с моими активами? Изменилась их стоимость ли нет?",1,"Подтверждение личности клиента. Получение информации о текущих инвестициях. - Используй функцию get_current_investments() для получения данных. Анализ портфеля инвестиций. - Если требуется, предложи рекомендации по улучшению. Отправка отчета о текущих инвестициях клиенту. - Используй функцию send_investment_report() для отправки.","[""get_current_investments(), send_investment_report()""]"
Информация о кредитном лимите,"Запрос пользователя связан с одной из перечисленных тем:
1) кредитные лимиты
2) изменение условий кредита","Мне нужно узнать, сколько у меня денег на счету.",0,"Проверка данных клиента. Определение текущего кредитного лимита. - Используй функцию get_credit_limit() для получения информации. Оценка возможности увеличения лимита. - Если необходимо, предложи варианты. Обновление информации о кредитном лимите. - Используй функцию update_credit_limit() для внесения изменений.","[""get_credit_limit(), update_credit_limit()""]"
Изменение лимита по кредитной карте,"Запрос пользователя связан с одной из перечисленных тем:
1) изменение лимита
2) увеличение кредитного лимита","Мне нужен больший лимит по кредитной карте, например, 100 тысяч.",1,"Подтверждение данных клиента. Проверка текущего лимита и истории использования карты. - Используй функцию check_current_limit() для получения информации. Определение новых условий лимита. - Если необходимо, предложи варианты. Оформление изменения лимита. - Используй функцию update_credit_limit() для внесения изменений.","[""check_current_limit(), update_credit_limit()""]"
Статус кредита,"Запрос пользователя связан с одной из перечисленных тем:
1) информация о кредите
2) статус заявки на кредит",Сколько времени вы уже работаете в банке?,0,"Подтверждение данных клиента. Проверка статуса кредита. - Используй функцию check_loan_status() для получения информации. Информирование клиента о сроках обработки. - Уточни, сколько времени может занять ответ. Предоставление дополнительных рекомендаций. - Если статус кредита неутвержден, предложи варианты улучшения.","[""check_loan_status()""]"
Оформление кредита,"Запрос пользователя связан с одной из перечисленных тем:
1) получение кредита
2) условия кредитования","Хотел бы узнать, как я могу получить потребительский кредит?",1,"Сбор информации о заемщике. Проверка кредитной истории. - Используй функцию check_credit_history() для получения информации. Выбор типа кредита. - Если необходимо, предложи варианты. Оформление кредитного договора. - Используй функцию create_credit_agreement() для оформления.","[""check_credit_history(), create_credit_agreement()""]"
Информация о кредите,"Запрос пользователя связан с одной из перечисленных тем:
1) условия получения кредита
2) процентная ставка по кредиту",Да я просто хочу узнать про ваши услуги.,0,"Запрос данных клиента. Проверка доступных кредитных продуктов. - Используй функцию get_available_loans() для получения информации. Обсуждение условий кредита. - Если необходимо, уточни детали. Предоставление окончательной информации и рекомендаций.","[""get_available_loans()""]"
Информация о кредитах,"Запрос пользователя связан с одной из перечисленных тем:
1) текущие кредиты
2) условия кредитования
3) информация о просрочках",Почему я не могу зайти в интернет-банк?,0,"Идентификация клиента. Получение информации о текущих кредитах. - Используй функцию get_current_loans() для получения данных. Проверка статуса платежей по кредитам. - Используй функцию check_payment_status() для получения информации. Предложение вариантов рефинансирования, если у клиента есть активные кредиты.","[""get_current_loans()"", ""check_payment_status()""]"
Информация о кредите,"Запрос пользователя связан с одной из перечисленных тем:
1) условия получения кредита
2) ставки по кредитам","Как продлить вклады на депозит, если у вас есть деньги?",0,"Запрос информации о типах кредитов. Предоставление деталей о процентных ставках. - Используй функцию get_interest_rates() для получения информации. Объяснение условий кредитования. - Выясни, есть ли у клиента особые требования. Предложение онлайн-калькулятора для расчета выплат. - Используй функцию calculate_payments() для отображения результата.","[""get_interest_rates(), calculate_payments()""]"
Информация о кредитном лимите,"Запрос пользователя связан с одной из перечисленных тем:
1) кредитные карты
2) кредитные лимиты","Эй, что там с лимитом на карте?",1,"Подтверждение данных клиента. Проверка текущего кредитного лимита. - Используй функцию check_credit_limit() для получения информации. Анализ возможности увеличения лимита. - Если необходимо, предложи варианты. Отправка уведомления о изменении лимита. - Используй функцию notify_limit_change() для информирования клиента.","[""check_credit_limit(), notify_limit_change()""]"
Оформление кредита,"Запрос пользователя связан с одной из перечисленных тем:
1) условия получения кредита
2) сумма кредита",Какой у вас сейчас курс валюты?,0,"Подтверждение данных клиента. Проверка кредитной истории. - Используй функцию check_credit_history() для получения информации. Выбор условий кредита. - Если необходимо, предложи варианты. Подготовка документов для оформления кредита.","[""check_credit_history()""]"
Информация о кредите,"Запрос пользователя связан с одной из перечисленных тем:
1) информация о текущем кредите
2) условия получения кредита","Какой у меня кредит? Не помню, что там по процентам.",1,"Подтверждение личности клиента. Проверка доступных кредитных продуктов. - Используй функцию fetch_available_loans() для получения информации. Обсуждение условий кредита. - Если необходимо, предложи различные варианты. Запрос дополнительных документов. - Используй функцию request_documents() для обработки.","[""fetch_available_loans(), request_documents()""]"
Кредитный рейтинг,"Запрос пользователя связан с одной из перечисленных тем:
1) кредитный рейтинг
2) улучшение кредитной истории","Мне нужно поменять номер телефона, как вы это сделаете?",0,"Запрос информации о кредитном рейтинге клиента. Проверка текущего кредитного рейтинга. - Используй функцию check_credit_score() для получения данных. Информирование клиента о факторах, влияющих на кредитный рейтинг. Рекомендации по улучшению кредитного рейтинга.","[""check_credit_score()""]"
Информация о кредите,"Запрос пользователя связан с одной из перечисленных тем: 
1) условия получения кредита
2) информация о процентах по кредиту",Какой у вас курс доллара сегодня?,0,Получение данных о клиенте. Проверка кредитной истории. - Используй функцию check_credit_history() для получения информации. Предоставление информации о доступных кредитных продуктах. Оформление предварительной заявки на кредит. - Используй функцию submit_preliminary_application() для оформления.,"[""check_credit_history(), submit_preliminary_application()""]"
Повышение кредитного лимита,"Запрос пользователя связан с одной из перечисленных тем:
1) изменение кредитного лимита
2) потребность в дополнительных средствах","Мне нужно увеличить мой кредитный лимит, он слишком мал для текущих расходов.",1,Подтверждение данных клиента. Проверка текущего кредитного лимита. - Используй функцию check_current_credit_limit() для получения информации. Оценка платежеспособности клиента. - Используй функцию assess_customer_solvency() для анализа. Оформление запроса на повышение лимита. - Используй функцию submit_limit_increase_request() для оформления.,"[""check_current_credit_limit(), assess_customer_solvency(), submit_limit_increase_request()""]"
Изменение кредитного лимита,"Запрос пользователя связан с одной из перечисленных тем:
1) изменение лимита по кредитной карте
2) увеличение кредитного лимита",Как узнать остаток моего кредита?,0,"Подтверждение данных клиента. Проверка текущего лимита и истории использования. - Используй функцию check_credit_limit() для получения информации. Оценка возможности изменения лимита. - Если необходимо, предложи варианты изменений. Оформление запроса на изменение лимита. - Используй функцию submit_limit_change_request() для оформления.","[""check_credit_limit(), submit_limit_change_request()""]"
Оформление кредита,"Запрос пользователя связан с одной из перечисленных тем:
1) кредитные продукты
2) условия получения кредита",Как насчет займа? Могу я получить его в вашем банке?,1,"Сбор информации о клиенте. Проверка валюты и суммы кредита. - Используй функцию verify_currency_and_amount() для валидации. Предоставление информации о процентной ставке и условиях. - Если необходимо, предложи варианты. Оформление кредита. - Используй функцию process_loan_application() для завершения процесса.","[""verify_currency_and_amount(), process_loan_application()""]"
Увеличение кредитного лимита,"Запрос пользователя связан с одной из перечисленных тем:
1) кредитный лимит
2) изменение условий кредита","Как сделать так, чтобы у меня был кредит на более высокую сумму?",1,Подтверждение данных клиента. Проверка кредитной истории. - Используй функцию check_credit_history() для получения информации. Оценка возможности увеличения лимита. - Используй функцию assess_limit_increase() для анализа. Оформление запроса на увеличенный лимит. - Используй функцию submit_limit_increase_request() для оформления.,"[""check_credit_history(), assess_limit_increase(), submit_limit_increase_request()""]"
Оформление кредита,"Запрос пользователя связан с одной из перечисленных тем:
1) условия получения кредита
2) процентные ставки по кредитам",Как быстро получить деньги в банке? Мне срочно нужно!,0,"Подтверждение данных клиента. Проверка кредитной истории. - Используй функцию check_credit_history() для получения информации. Выбор условий кредита. - Если необходимо, предложи варианты. Финализация оформления кредита. - Используй функцию finalize_credit_application() для завершения процесса.","[""check_credit_history(), finalize_credit_application()""]"
Изменение условий кредита,"Запрос пользователя связан с одной из перечисленных тем:
1) изменение процентной ставки
2) изменение срока кредита","Мне нужно изменить условия моего кредита, я хочу понизить процентную ставку.",1,"Подтверждение данных клиента. Проверка текущих условий кредита. - Используй функцию check_current_loan_terms() для получения информации. Предложение новых условий изменения кредита. - Если необходимо, предложи варианты. Оформление запроса на изменение условий кредита. - Используй функцию submit_loan_terms_change_request() для оформления.","[""check_current_loan_terms(), submit_loan_terms_change_request()""]"
Оценка кредитного рейтинга,"Запрос пользователя связан с одной из перечисленных тем:
1) кредитный рейтинг
2) получение займа
3) рекомендации по улучшению кредитной истории",У меня вопрос по поводу моего кредитного счёта,0,"Сбор информации о клиенте. Проверка текущего кредитного рейтинга. - Используй функцию check_credit_score() для получения данных. Объяснение факторов, влияющих на кредитный рейтинг. Рекомендации по улучшению кредитного рейтинга.","[""check_credit_score()""]"
Изменение лимита кредитной карты,"Запрос пользователя связан с одной из перечисленных тем:
1) увеличение кредитного лимита
2) изменение условий кредита",Какой мой текущий лимит по кредитной карте?,0,Подтверждение данных клиента. Проверка текущего лимита карты. - Используй функцию check_current_limit() для получения информации. Оценка платежеспособности клиента. - Используй функцию assess_affordability() для анализа. Применение изменений к лимиту. - Используй функцию update_credit_limit() для обновления.,"[""check_current_limit(), assess_affordability(), update_credit_limit()""]"
Информация о кредите,"Запрос пользователя связан с одной из перечисленных тем:
1) информация о кредите
2) погашение кредита","У меня есть кредит, и мне нужно узнать, сколько осталось платить?",1,Подтверждение данных клиента. Получение информации о текущем кредите. - Используй функцию get_current_loan_info() для получения данных. Проверка графика платежей. - Используй функцию get_payment_schedule() для доступа к информации. Предоставление информации о возможных вариантах реструктуризации. - Используй функцию get_restructuring_options() для получения данных.,"[""get_current_loan_info(), get_payment_schedule(), get_restructuring_options()""]"
Кредит на образование,"Запрос пользователя связан с одной из перечисленных тем:
1) кредит на обучение
2) условия кредитования
3) программы поддержки студентов","Мне нужно узнать, как получить кредит на учебу в университете.",1,Подтверждение цели кредита. Проверка возможности получения кредита. - Используй функцию check_eligibility() для получения информации. Предложение образовательных программ и связанных затрат. Оформление заявки на кредит. - Используй функцию submit_education_loan_application() для оформления.,"[""check_eligibility(), submit_education_loan_application()""]"
Информация о кредите,"Запрос пользователя связан с одной из перечисленных тем:
1) условия кредитования
2) сумма займа
3) срок кредита",Как ваша компания помогает в случае потери кредитной карты?,0,Подтверждение данных клиента. Проверка кредитной истории. - Используй функцию check_credit_history() для получения информации. Предоставление информации о доступных кредитных продуктах. Оформление заявки на кредит. - Используй функцию submit_credit_application() для оформления.,"[""check_credit_history(), submit_credit_application()""]"
Информация о кредите,"Запрос пользователя связан с одной из перечисленных тем:
1) условия получения кредита
2) информация о ставках по кредитам","Я хочу узнать, какие проценты у вас по ипотечному кредиту?",1,"Сбор данных клиента. Анализ доступных кредитных продуктов. - Используй функцию analyze_credit_products() для получения информации. Проверка соответствия требованиям. - Если необходимо, проведи оценку. Оформление предварительного предложения. - Используй функцию create_preliminary_offer() для оформления.","[""analyze_credit_products(), create_preliminary_offer()""]"
Информация о кредите,"Запрос пользователя связан с одной из перечисленных тем:
1) информация о потребительском кредите
2) условия оформления кредита",Мне нужна помощь с переводом денег.,0,"Подтверждение данных клиента. Проверка кредитной истории. - Используй функцию check_credit_history() для получения информации. Выбор условий кредита. - Если необходимо, предложи варианты. Оформление заявки на кредит. - Используй функцию submit_credit_application() для оформления.","[""check_credit_history()"", ""submit_credit_application()""]"
Изменение лимита по кредитной карте,"Запрос пользователя связан с одной из перечисленных тем:
1) изменение лимита
2) увеличение кредита",Какой у вас курс валюты на сегодня?,0,Подтверждение данных клиента. Проверка текущего лимита и истории использования карты. - Используй функцию check_current_limit() для получения информации. Определение нового желаемого лимита. Обработка запроса на изменение лимита. - Используй функцию process_limit_change() для выполнения.,"[""check_current_limit(), process_limit_change()""]"
Кредитные предложения,"Запрос пользователя связан с одной из перечисленных тем:
1) кредитные продукты
2) условия получения кредита","Мне нужен кредит, но я не знаю, как его получить.",1,"Сбор информации о желаемом кредите. Проверка доступных кредитных программ. - Используй функцию fetch_credit_offers() для получения информации. Сравнение условий кредитов. - Если необходимо, предложи варианты. Оформление заявки на выбранный кредит. - Используй функцию submit_credit_application() для оформления.","[""fetch_credit_offers(), submit_credit_application()""]"
Изменение лимита по кредиту,"Запрос пользователя связан с одной из перечисленных тем:
1) изменение кредитного лимита
2) увеличение кредитных средств","Слушай, мне надо больше денег на кредитке.",1,"Подтверждение данных клиента. Проверка текущего лимита кредита. - Используй функцию check_current_limit() для получения информации. Оценка возможности изменения лимита. - Если необходимо, предложи варианты новых лимитов. Оформление запроса на изменение лимита. - Используй функцию submit_limit_change_request() для оформления.","[""check_current_limit(), submit_limit_change_request()""]"
Статус кредитной заявки,"Запрос пользователя связан с одной из перечисленных тем:
1) кредитная заявка
2) статус кредита","Как там мой заем? Не помню, подавал ли.",1,"Подтверждение личности клиента. Проверка текущего статуса заявки. - Используй функцию check_application_status() для получения информации. Генерация уведомления о статусе заявки. - Если статус негативный, предложи альтернативные варианты. Контактная информация для дополнительных вопросов.","[""check_application_status()""]"
Статус заявки на кредит,"Запрос пользователя связан с одной из перечисленных тем:
1) кредитная заявка
2) задолженность по кредиту","Я подал заявку на кредит, как узнать её статус?",1,"Подтверждение данных клиента. Проверка статуса кредитной заявки. - Используй функцию check_application_status() для получения информации. Информирование клиента о результате проверки. Предложение дополнительных услуг, если заявка одобрена.","[""check_application_status()""]"
Получение кредитного предложения,"Запрос пользователя связан с одной из перечисленных тем:
1) кредитные условия
2) улучшение кредитного предложения",Какой у вас баланс на счете?,0,"Подтверждение личной информации клиента. Оценка финансового положения. - Используй функцию assess_financial_status() для анализа. Предложение условий кредитования. - Если необходимо, предоставь информацию о ставках и сроках. Формирование итогового предложения. - Используй функцию generate_credit_offer() для создания предложения.","[""assess_financial_status(), generate_credit_offer()""]"
Досрочное погашение кредита,"Запрос пользователя связан с одним из перечисленных тем:
1) досрочное погашение кредита
2) изменение условий кредита","Я хочу узнать, можно ли передать что-то по кредиту, у меня вопрос.",0,Подтверждение данных клиента. Проверка условий досрочного погашения. - Используй функцию check_early_repayment_terms() для получения информации. Расчет суммы для досрочного погашения. - Используй функцию calculate_early_repayment_amount() для получения данных. Оформление заявления на досрочное погашение. - Используй функцию submit_early_repayment_request() для оформления.,"[""check_early_repayment_terms(), calculate_early_repayment_amount(), submit_early_repayment_request()""]"
Информация о кредитном рейтинге,"Запрос пользователя связан с одной из перечисленных тем:
1) кредитный рейтинг
2) займы и кредиты","Я хочу разобраться с своим кредитом, как мне его улучшить?",1,Подтверждение данных клиента. Проверка кредитного рейтинга. - Используй функцию check_credit_score() для получения информации. Объяснение влияния кредитного рейтинга на условия кредитования. - Предоставь соответствующую информацию. Предложение рекомендаций по улучшению кредитного рейтинга. - Используй функцию suggest_credit_improvement() для рекомендаций.,"[""check_credit_score(), suggest_credit_improvement()""]"
Оформление кредита,"Запрос пользователя связан с одной из перечисленных тем:
1) получение кредита
2) условия по кредиту",Какой у вас курс доллара на сегодня?,0,"Подтверждение данных клиента. Проверка кредитной истории. - Используй функцию check_credit_history() для получения информации. Выбор условий кредита. - Если необходимо, предложи варианты. Оформление заявки на кредит. - Используй функцию submit_credit_application() для оформления.","[""check_credit_history()"", ""submit_credit_application()""]"
Оформление кредита,"Запрос пользователя связан с одной из перечисленных тем:
1) получение кредита
2) условия кредитования",Сколько стоит открыть счет в вашем банке?,0,"Сбор информации о заемщике. Оценка финансового состояния. - Используй функцию assess_financial_status() для анализа. Предложение кредитных продуктов. - Если необходимо, предоставь варианты. Подтверждение и отправка заявки. - Используй функцию submit_application() для оформления.","[""assess_financial_status(), submit_application()""]"
Информация о кредите,"Запрос пользователя связан с одной из перечисленных тем:
1) информация о кредите
2) задолженность по кредиту",Сколько мне платить за этот кредит? Я забыл.,1,Подтверждение данных клиента. Получение информации о текущем кредите. - Используй функцию get_current_credit_info() для получения данных. Предоставление подробностей о задолженности и сроках платежей. Консультация по возможным изменениям условий кредита. - Используй функцию suggest_credit_options() для предложений.,"[""get_current_credit_info(), suggest_credit_options()""]"
Оформление кредита,"Запрос пользователя связан с одной из перечисленных тем:
1) условия получения кредита
2) сумма доступного кредита","Нужен кредит, что-то расскажите об этом.",1,"Подтверждение данных клиента. Проверка кредитной истории. - Используй функцию check_credit_history() для получения информации. Выбор условий кредита. - Если необходимо, предложи варианты. Оформление заявки на кредит. - Используй функцию submit_credit_application() для оформления.","[""check_credit_history()"", ""submit_credit_application()""]"
Статус кредита,"Запрос пользователя связан с одной из перечисленных тем:
1) статус кредита
2) условия кредита",Сколько я могу снять с моего счета?,0,Подтверждение личности клиента. Проверка текущего статуса кредита. - Используй функцию get_credit_status() для получения информации. Информирование клиента о состоянии кредита. Предложение дальнейших действий в зависимости от статуса.,"[""get_credit_status()""]"
Получение ипотеки,"Запрос пользователя связан с одной из перечисленных тем:
1) кредит
2) ипотека","Нужен кредит на дом, какие условия?",1,"Сбор информации о желаемом объекте недвижимости. Оценка платежеспособности клиента. - Используй функцию assess_client_financials() для получения данных. Подбор наиболее выгодных условий ипотеки. - Если необходимо, предложи варианты. Оформление предварительного одобрения ипотеки. - Используй функцию issue_preapproval() для оформления.","[""assess_client_financials(), issue_preapproval()""]"
Информация о кредите,"Запрос пользователя связан с одной из перечисленных тем:
1) условия кредита
2) процентные ставки
3) процесс подачи заявки на кредит",Как я могу получить информацию о кредитах?,1,"Подтверждение личности клиента. Определение доступных кредитных продуктов. - Используй функцию get_available_loan_products() для получения данных. Предоставление условий кредитования. - Если нужно, предложи варианты. Ответ на вопрос клиента по кредитным условиям.","[""get_available_loan_products()""]"
Информация о жилом кредите,"Запрос пользователя связан с одной из перечисленных тем:
1) ипотечный кредит
2) условия получения кредита на жилье",Почему у вас такие высокие проценты по кредитам?,0,Проверка доступных программ кредитования. Расчет приблизительной суммы кредита. - Используй функцию calculate_estimate() для получения информации. Подготовка списка необходимых документов. - Отобрази список. Информирование о сроках рассмотрения заявки.,"[""calculate_estimate()""]"
Изменение лимита кредитной карты,"Запрос пользователя связан с одной из перечисленных тем: 
1) изменение лимита по кредиту
2) увеличение кредитного лимита","Как мне узнать, какая у меня карта?",0,"Подтверждение данных клиента. Проверка текущего лимита и платежеспособности. - Используй функцию check_current_limit() для получения информации. Определение нового лимита. - Если необходимо, предложи варианты. Обработка запроса на изменение лимита. - Используй функцию process_limit_change() для завершения.","[""check_current_limit(), process_limit_change()""]"
Проверка кредитной истории,"Пользователь интересуется своей кредитной историей
Пользователь хочет узнать о состоянии своего кредита","Мне не нравится, что у меня низкий кредит, можешь сказать, почему?",1,"Идентификация клиента. Получение информации о кредитной истории. - Используй функцию fetch_credit_history() для получения данных. Анализ кредитной истории. - Если есть проблемы, предоставь рекомендации. Подготовка отчета о кредитной истории. - Используй функцию generate_credit_report() для оформления.","[""fetch_credit_history(), generate_credit_report()""]"
Получение информации о задолженности,"Запрос пользователя связан с одной из перечисленных тем:
1) задолженность по кредиту
2) состояние счета",У меня тут вопрос про лимит на карте.,0,"Подтверждение личности клиента. Проверка текущего остатка задолженности. - Используй функцию get_debt_balance() для получения информации. Предоставление детализации задолженности. - Если необходимо, покажи список последних транзакций. Предложение вариантов погашения долга. - Используй функцию suggest_repayment_options() для предоставления информации.","[""get_debt_balance(), suggest_repayment_options()""]"
Кредит на жилье,"Запрос пользователя связан с одной из перечисленных тем:
1) ипотека
2) условия получения кредита на жилье",Как дела? У меня есть вопросы по кредитам.,0,"Сбор информации о квартире и ее стоимости. Оценка платежеспособности клиента. - Используй функцию assess_financial_ability() для анализа. Подбор подходящих ипотечных программ. - Если необходимо, предложи варианты. Оформление предварительного решения по кредиту. - Используй функцию issue_preliminary_decision() для выдачи.","[""assess_financial_ability(), issue_preliminary_decision()""]"
Оформление ипотеки,"Запрос пользователя связан с одной из перечисленных тем:
1) ипотечное кредитование
2) условия получения кредита
3) расчёт платежей по кредиту",Почему кредитная ставка такая высокая?,0,"Сбор информации о доходах клиента. Оценка стоимости недвижимости. - Используй функцию evaluate_property_value() для получения данных. Определение подходящих кредитных предложений. - Если необходимо, предложи варианты. Завершение процесса оформления ипотеки. - Используй функцию finalize_mortgage_application() для завершения.","[""evaluate_property_value(), finalize_mortgage_application()""]"
Оформление кредита,"Запрос пользователя связан с одной из перечисленных тем:
1) условия получения кредита
2) информация о процентных ставках","Какой процент по кредитам у вас? Я тут только что квартиру купил, и надо все решать.",1,"Подтверждение данных клиента. Проверка кредитной истории. - Используй функцию check_credit_history() для получения информации. Выбор суммы и сроков кредита. - Если необходимо, предложи варианты. Оформление заявки на кредит. - Используй функцию submit_credit_application() для оформления.","[""check_credit_history(), submit_credit_application()""]"
Статус кредита,"Запрос пользователя связан с одной из перечисленных тем:
1) получение кредита
2) изменение условий кредита","Мне нужно узнать баланс на моем счете, а про кредит я не спрашивал.",0,"Подтверждение данных клиента. Проверка текущего статуса кредита. - Используй функцию check_loan_status() для получения информации. Обновление информации о кредите, если необходимо. - Если требуется, предложи варианты. Проверка сроков погашения. - Используй функцию check_repayment_terms() для получения данных.","[""check_loan_status(), check_repayment_terms()""]"
Увеличение кредитного лимита,"Запрос пользователя связан с одной из перечисленных тем:
1) увеличение кредитного лимита
2) условия предоставления кредита",Какой у вас процент по кредитам? Я не планирую брать кредит сейчас.,0,"Подтверждение данных клиента. Проверка текущего кредитного лимита. - Используй функцию check_credit_limit() для получения информации. Оценка финансового состояния клиента. - Если необходимо, предложи дополнительные документы. Обработка запроса на увеличение лимита. - Используй функцию submit_limit_increase_request() для оформления.","[""check_credit_limit(), submit_limit_increase_request()""]"
Оформление займа,"Запрос пользователя связан с одной из перечисленных тем:
1) оформление кредита
2) условия займа","Какой кредит мне дадут, если я захочу занять деньги?",1,"Подтверждение идентификации клиента. Анализ финансового состояния. - Используй функцию assess_financial_status() для получения информации. Определение суммы займа и срока. - Если необходимо, предложи варианты. Оформление документации для займа. - Используй функцию finalize_loan_documentation() для завершения процесса.","[""assess_financial_status(), finalize_loan_documentation()""]"
Оформление кредита на автомобиль,Запрос пользователя связан с одним из перечисленных тем: 1) кредит 2) автокредит 3) покупка автомобиля,"О, а вы можете рассказать о вашей ипотеке?",0,"Подтверждение данных клиента. Проверка кредитной истории. - Используй функцию check_credit_history() для получения информации. Выбор условий кредита. - Если необходимо, предложи варианты. Оформление заявки на кредит. - Используй функцию submit_credit_application() для оформления.","[""check_credit_history(), submit_credit_application()""]"
Оформление кредита,"Запрос пользователя связан с одной из перечисленных тем:
1) оформление кредита
2) получение информации о кредитных условиях","Как насчет кредита, мне нужно узнать об условиях.",1,"Подтверждение данных клиента. Проверка кредитной истории. - Используй функцию check_credit_history() для получения информации. Выбор условий кредита. - Если необходимо, предложи варианты. Оформление заявки на кредит. - Используй функцию submit_credit_application() для оформления.","[""check_credit_history(), submit_credit_application()""]"
Изменение лимита кредита,"Запрос пользователя связан с одной из перечисленных тем:
1) изменение кредитного лимита
2) повышение кредитного лимита","Сколько вы даете за кредит? Я хочу, чтобы было больше.",1,Подтверждение данных клиента. Проверка текущего лимита кредита. - Используй функцию check_current_limit() для получения информации. Оценка возможности изменения лимита. - Используй функцию assess_limit_change() для анализа. Оформление запроса на изменение лимита. - Используй функцию submit_limit_change_request() для оформления.,"[""check_current_limit(), assess_limit_change(), submit_limit_change_request()""]"
Изменение кредитного лимита,"Запрос пользователя связан с одной из перечисленных тем:
1) изменение кредитного лимита
2) увеличение кредитного лимита",Какой у вас сегодня курс доллара?,0,"Подтверждение данных клиента. Проверка текущего кредитного лимита. - Используй функцию check_current_limit() для получения информации. Оценка возможности увеличения лимита. - Если необходимо, предложи варианты. Обработка изменения лимита. - Используй функцию update_credit_limit() для внесения изменений.","[""check_current_limit(), update_credit_limit()""]"
Узнать кредитный лимит,"Запрос пользователя связан с одной из перечисленных тем:
1) кредитный лимит
2) увеличение кредита","Где я могу посмотреть лимит по кредиту? Пожалуйста, дайте ответ.",1,"Проверка личных данных клиента. Анализ текущего кредитного лимита. - Используй функцию get_credit_limit() для получения информации. Оценка возможности увеличения лимита. - Если необходимо, предложи условия. Информирование клиента о результатах. - Используй функцию notify_client() для отправки информации.","[""get_credit_limit(), notify_client()""]"
Кредитный калькулятор,"Запрос пользователя связан с одной из перечисленных тем:
1) расчёт кредита
2) условия займа","Как у вас дела, я хочу узнать о ставках по депозитам.",0,Сбор информации о сумме кредита и сроке его погашения. Расчет ежемесячного платежа. - Используй функцию calculate_monthly_payment() для получения данных. Предоставление информации о процентной ставке и итоговой сумме кредита. Сохранение расчета для дальнейшего использования. - Используй функцию save_calculation() для сохранения.,"[""calculate_monthly_payment(), save_calculation()""]"
Информация о кредитах,"Запрос пользователя связан с одной из перечисленных тем:
1) условия получения кредита
2) информация о процентной ставке","Я хочу узнать про кредиты, какие у вас ставки?",1,Подготовка документации для заявки на кредит. Предоставление информации о видах кредитов. - Используй функцию get_loan_types() для получения данных. Рассмотрение условий кредитования. - Подробно обсуди процентные ставки и сроки. Ответ на вопросы клиента о процессе получения кредита.,"[""get_loan_types()""]"
Кредит на жилье,"Запрос пользователя связан с одной из перечисленных тем:
1) кредит на покупку жилья
2) условия по ипотечному кредиту","Я хочу взять кредит на квартиру, расскажите, что для этого нужно?",1,Сбор информации о желаемом объекте недвижимости. Анализ финансовых возможностей клиента. Обсуждение необходимых документов для оформления кредита. Оформление предварительного согласования кредита. - Используй функцию preapproval_credit() для проверки предварительной заявки.,"[""preapproval_credit()""]"
Информация о кредите,"Запрос пользователя связан с одной из перечисленных тем:
1) условия кредитования
2) процентные ставки по кредитам",Почему у вас такие высокие комиссии за переводы?,0,Подтверждение данных клиента. Проверка кредитной истории. - Используй функцию check_credit_history() для получения информации. Предоставление информации о доступных кредитных продуктах. Оформление предварительной заявки на кредит. - Используй функцию submit_credit_application() для оформления.,"[""check_credit_history(), submit_credit_application()""]"
Информация о кредите,"Запрос пользователя связан с одной из перечисленных тем:
1) условия получения кредита
2) ставки по кредитам",Как получить потребительский кредит?,1,"Запрос данных о желаемой сумме кредита. Определение срока кредита. - Если необходимо, предложи варианты. Проверка наличия необходимых документов. - Используй функцию check_required_documents() для получения информации. Предоставление информации о процентной ставке и условиях. - Если требуется, предложи различные тарифы.","[""check_required_documents()""]"
Изменение условий кредита,"Запрос пользователя связан с одной из перечисленных тем:
1) изменение условий кредита
2) изменение процентной ставки","Я хочу, чтобы вы поменяли мои условия по кредиту, можно?",1,"Подтверждение данных клиента. Проверка текущих условий кредита. - Используй функцию check_current_conditions() для получения информации. Предложение новых условий кредита. - Если необходимо, предложи варианты. Оформление изменения условий кредита. - Используй функцию submit_conditions_change() для оформления.","[""check_current_conditions(), submit_conditions_change()""]"
Увеличение кредитного лимита,Запрос пользователя связан с одним из перечисленных тем: 1) увеличение кредитного лимита 2) условия для получения кредита,"А вообще, какие у вас большие проценты по вкладам?",0,Подтверждение личных данных клиента. Проверка текущего кредитного лимита и истории. - Используй функцию check_credit_limit() для получения информации. Оценка финансового состояния клиента. - Для этого проведи анализ доходов и расходов. Оформление запроса на увеличение лимита. - Используй функцию submit_limit_increase_request() для оформления.,"[""check_credit_limit(), submit_limit_increase_request()""]"
Оформление кредита,"Запрос пользователя связан с одной из перечисленных тем:
1) условия кредита
2) процентная ставка","Что-то мне нужны деньги, может, найдете мне кредит?",1,"Подтверждение данных клиента. Проверка кредитной истории. - Используй функцию check_credit_history() для получения информации. Выбор условий кредита. - Если необходимо, предложи варианты. Оформление заявки на кредит. - Используй функцию submit_credit_application() для оформления.","[""check_credit_history()"", ""submit_credit_application()""]"
Информация о кредите,"Запрос пользователя связан с одной из перечисленных тем:
1) информация о кредите
2) остаток долга
3) условия досрочного погашения","Объясните, пожалуйста, сколько я еще должен банку за этот заем.",1,"Подтверждение данных клиента. Проверка состояния кредита. - Используй функцию check_credit_status() для получения информации. Выяснение условий кредита. - Если есть изменения, уведоми клиента. Предоставление рекомендаций по погашению задолженности. - Используй функцию provide_repayment_advice() для получения информации.","[""check_credit_status(), provide_repayment_advice()""]"
Информация о кредитовании,"Запрос пользователя связан с одной из перечисленных тем:
1) условия получения кредита
2) процентные ставки по кредитам",Какой процент по ипотечному кредиту у вас?,1,Определение потребностей клиента в кредите. Проверка текущих акций и специальных условий. - Используй функцию check_current_offers() для получения информации. Предоставление информации о необходимых документах. Оформление предварительного расчета кредита. - Используй функцию calculate_initial_loan_offer() для получения предложения.,"[""check_current_offers(), calculate_initial_loan_offer()""]"
Оформление кредита,"Запрос пользователя связан с одной из перечисленных тем:
1) получение кредита
2) условия кредитования","Мне нужно узнать, как получить ипотечный кредит.",1,"Подтверждение данных клиента. Проверка кредитной истории. - Используй функцию check_credit_history() для получения информации. Выбор условий кредита. - Если необходимо, предложи варианты. Оформление заявки на кредит. - Используй функцию submit_credit_application() для оформления.","[""check_credit_history()"", ""submit_credit_application()""]"
Информация о кредите,"Запрос пользователя связан с одной из перечисленных тем:
1) условия получения кредита
2) ставки по кредитам",Какой процент по ипотечным кредитам?,1,"Подтверждение данных клиента. Проверка кредитной истории. - Используй функцию check_credit_history() для получения информации. Пresentation of loan options based on client's profile. - Если необходимо, предложи варианты. Оформление заявки на кредит. - Используй функцию submit_credit_application() для оформления.","[""check_credit_history()"", ""submit_credit_application()""]"
Информация о кредите,"Запрос пользователя связан с одной из перечисленных тем:
1) условия кредитования
2) процентные ставки по кредитам",Какой у вас интернет-банкинг? Я заказывал кредит,0,"Подтверждение личности клиента. Проверка доступных кредитных продуктов. - Используй функцию fetch_credit_products() для получения списка. Предоставление информации о процентных ставках и сроках. - Если необходимо, добавь детализацию. Ответ на вопросы клиента. - Используй функцию answer_client_questions() для обработки запросов.","[""fetch_credit_products(), answer_client_questions()""]"
Информация о кредите,"Запрос пользователя связан с одной из перечисленных тем:
1) оформление кредита
2) условия кредитования","Мне нужно узнать, как оформить потребительский кредит.",1,Подтверждение данных клиента. Проверка кредитной истории. - Используй функцию check_credit_history() для получения информации. Предоставление информации о доступных кредитах. Оформление заявки на кредит. - Используй функцию submit_credit_application() для оформления.,"[""check_credit_history(), submit_credit_application()""]"
Оформление автокредита,"Запрос пользователя связан с одной из перечисленных тем:
1) кредиты на автомобили
2) условия автокредита",Сколько стоит ваша страховка?,0,"Сбор информации о заемщике. Проверка кредитоспособности. - Используй функцию assess_creditworthiness() для получения информации. Выбор модели автомобиля и условий кредита. - Если необходимо, предложи варианты. Оформление заявки на автокредит. - Используй функцию submit_auto_loan_application() для оформления.","[""assess_creditworthiness(), submit_auto_loan_application()""]"
Кредит на жилье,"Запрос пользователя связан с одной из перечисленных тем:
1) ипотека
2) кредит на жилье
3) условия получения кредита","Мне нужно деньги, чтобы купить дом, расскажите о кредитах.",1,Подтверждение данных клиента. Проверка кредитной истории. - Используй функцию check_credit_history() для получения информации. Оценка рыночной стоимости недвижимого имущества. Оформление заявки на кредит. - Используй функцию submit_credit_application() для оформления.,"[""check_credit_history(), submit_credit_application()""]"
Получение кредита на жилье,"Запрос пользователя связан с одной из перечисленных тем:
1) ипотечное кредитование
2) процентные ставки по кредитам","Мне нужно узнать, какие условия по ипотечному кредиту на квартиру в Москве.",1,Подтверждение данных клиента. Проверка кредитной истории. - Используй функцию check_credit_history() для получения информации. Оценка стоимости недвижимости. - Используй функцию evaluate_property() для расчета. Оформление заявки на кредит. - Используй функцию submit_credit_application() для оформления.,"[""check_credit_history(), evaluate_property(), submit_credit_application()""]"
Оформление кредита,"Запрос пользователя связан с одной из перечисленных тем:
1) условия кредитования
2) процентная ставка по кредиту",Какой у вас самый низкий процент по кредиту на автомобиль?,1,"Подтверждение данных клиента. Проверка кредитной истории. - Используй функцию check_credit_history() для получения информации. Выбор условий кредита. - Если необходимо, предложи варианты. Оформление заявки на кредит. - Используй функцию submit_credit_application() для оформления.","[""check_credit_history()"", ""submit_credit_application()""]"
Оформление кредита,"Запрос пользователя связан с одной из перечисленных тем:
1) кредитование
2) условия получения кредита","Расскажите о вкладах, пожалуйста.",0,"Сбор информации о клиенте. Проверка кредитного рейтинга. - Используй функцию check_credit_score() для получения данных. Предложение подходящих кредитных продуктов. - Если необходимо, укажи доступные варианты. Финальное подтверждение и отправка заявки. - Используй функцию finalize_application() для оформления.","[""check_credit_score(), finalize_application()""]"
Кредитная история,"Запрос пользователя связан с одной из перечисленных тем:
1) проверка кредитного рейтинга
2) получение информации о кредитной истории","Скажи, какая у меня история кредитов? Я забыл.",1,"Подтверждение идентификации клиента. Получение информации о кредитной истории. - Используй функцию fetch_credit_report() для получения данных. Анализ информации о кредитной истории. - Если есть проблемы, предложи рекомендации. Отправка отчета клиенту. - Используй функцию send_credit_report() для отправки информации.","[""fetch_credit_report(), send_credit_report()""]"
Информация о кредитах,"Запрос пользователя связан с одной из перечисленных тем:
1) информация о текущих кредитах
2) условия получения кредита","Сколько стоит взять кредит? Это чтоб узнать, если много, то не буду.",1,Предоставление информации о доступных кредитных продуктах. Объяснение условий и требований для получения кредита. Расчет примерной ежемесячной выплаты. - Используй функцию calculate_monthly_payment() для получения информации. Сбор необходимых документов для оформления кредита.,"[""calculate_monthly_payment()""]"
Увеличение кредитного лимита,"Запрос пользователя связан с одной из перечисленных тем:
1) увеличение кредитного лимита
2) условия получения кредита","Мне нужен кредит, дайте больший лимит.",1,Подтверждение данных клиента. Проверка текущего кредитного лимита. Анализ финансового состояния клиента. - Используй функцию analyze_financial_status() для получения информации. Оформление запроса на увеличение лимита. - Используй функцию submit_limit_increase_request() для оформления.,"[""analyze_financial_status(), submit_limit_increase_request()""]"
Изменение условий кредита,"Запрос пользователя связан с одной из перечисленных тем:
1) изменение процентной ставки
2) изменение срока кредита","Я не хочу менять кредит, мне нужна справка по процентной ставке.",1,"Подтверждение данных клиента. Проверка текущих условий кредита. - Используй функцию check_current_terms() для получения информации. Предложение новых условий кредита. - Если необходимо, предложи варианты. Оформление изменения условий кредита. - Используй функцию update_credit_terms() для изменения.","[""check_current_terms(), update_credit_terms()""]"
Информация о кредите,"Запрос пользователя связан с одной из перечисленных тем:
1) информация о кредитных продуктах
2) условия получения кредита","Как получить кредит? Я слышал, что у вас что-то есть.",1,"Подтверждение личной информации клиента. Проверка доступных кредитных продуктов. - Используй функцию get_available_credit_products() для получения информации. Выбор подходящего кредита. - Если необходимо, предложи варианты на основе предпочтений клиента. Предоставление условий общения с кредитным специалистом. - Используй функцию connect_to_credit_specialist() для связи.","[""get_available_credit_products(), connect_to_credit_specialist()""]"
Информация о кредитах,"Запрос пользователя связан с одной из перечисленных тем:
1) кредитные продукты
2) задолженности по кредиту","Как понять, сколько я заплатил по кредиту? У меня много долгов!",1,"Подтверждение данных клиента. Получение информации о действующих кредитах. - Используй функцию get_active_loans() для получения данных. Проверка сроков погашения кредитов. - Если необходимо, предложи варианты продления. Информирование о задолженности по кредитам.","[""get_active_loans()""]"
Запрос кредитной линии,"Запрос пользователя связан с одной из перечисленных тем:
1) увеличение кредитного лимита
2) условия получения кредита","Какой там лимит, что-то мне не нравится, расскажи про это, ну или как мне его поднять?",1,"Подтверждение личности клиента. Проверка доступной кредитной линии. - Используй функцию check_credit_limit() для получения информации. Обсуждение условий использования кредитной линии. - Если необходимо, предложи варианты. Оформление заявки на кредитную линию. - Используй функцию submit_credit_line_application() для оформления.","[""check_credit_limit(), submit_credit_line_application()""]"
Информация о кредитном лимите,"Запрос пользователя связан с одной из перечисленных тем:
1) кредитный лимит
2) изменения в кредитной линии","Сколько я могу потратить, если у меня кредитка? Хотел бы знать больше о своих возможностях.",1,Подтверждение данных клиента. Проверка текущего кредитного лимита. - Используй функцию check_credit_limit() для получения информации. Объяснение условий использования кредитного лимита. Ответ на дополнительные вопросы клиента.,"[""check_credit_limit()""]"
Информация о кредите,"Запрос пользователя связан с одной из перечисленных тем:
1) информация о кредите
2) статус платежей по кредиту","Скажи, сколько мне еще платить по этому кредиту.",1,"Подтверждение данных клиента. Получение информации о текущем состоянии кредита. - Используй функцию get_credit_status() для получения данных. Уточнение сроков и условий кредита. - Если необходимо, предложи варианты. Предоставление рекомендаций по управлению кредитом.","[""get_credit_status()""]"
Информация о кредите,"Запрос пользователя связан с одной из перечисленных тем:
1) состояние кредита
2) информация о графике платежей","Мне интересно, как обстоят дела с моим автокредитом.",1,"Подтверждение личности клиента. Проверка статуса кредита. - Используй функцию check_loan_status() для получения информации. Предоставление информации о задолженности. Опции по изменению условий кредита. - Если необходимо, предложи варианты.","[""check_loan_status()""]"
Информация о кредите,"Запрос пользователя связан с одной из перечисленных тем:
1) получение кредита
2) условия кредитования",Я хочу узнать о условиях получения кредита на покупку квартиры.,1,"Подтверждение данных клиента. Проверка кредитных условий. - Используй функцию check_credit_terms() для получения информации. Сравнение предложений от банков. - Если необходимо, предложи варианты. Подготовка документов для оформления кредита. - Используй функцию prepare_documents() для помощи.","[""check_credit_terms(), prepare_documents()""]"
Изменение лимита кредита,"Запрос пользователя связан с одной из перечисленных тем:
1) изменение кредитного лимита
2) увеличение кредитной линии",А вы можете рассказать о ваших инвестиционных продуктах?,0,"Подтверждение данных клиента. Проверка текущего лимита кредита. - Используй функцию check_current_limit() для получения информации. Оценка финансового состояния клиента. - Используй функцию assess_financial_status() для анализа. Принятие решения об изменении лимита кредита. - Если нужно, предложи варианты изменений.","[""check_current_limit(), assess_financial_status()""]"
Инвестиции в фондовый рынок,"Запрос пользователя связан с одной из перечисленных тем:
1) инвестиции
2) фондовый рынок
3) акции",Какой у вас курс доллара на сегодня?,0,Определение инвестиционных целей клиента. Оценка рисков и предпочтений. - Используй функцию assess_risk_profile() для анализа. Предложение инвестиционных инструментов. - Предоставь варианты на основе анализа. Оформление инвестиционного портфеля. - Используй функцию create_investment_portfolio() для сборки.,"[""assess_risk_profile(), create_investment_portfolio()""]"
Оформление кредита,"Запрос пользователя связан с одной из перечисленных тем:
1) получение кредита
2) условия кредитования",Я хотел бы пообщаться о вашем банке и его продуктах.,0,"Подтверждение данных клиента. Проверка кредитной истории. - Используй функцию check_credit_history() для получения информации. Выбор условий кредита. - Если необходимо, предложи варианты. Оформление заявки на кредит. - Используй функцию submit_credit_application() для оформления.","[""check_credit_history()"", ""submit_credit_application()""]"
Процесс кредитования,"Запрос пользователя связан с одной из перечисленных тем:
1) получение кредита
2) условия кредитования
3) кредитная история",Почему у вас так много филиалов по городу?,0,"Подтверждение данных клиента. Проверка кредитной истории. - Используй функцию check_credit_history() для получения информации. Выбор условий кредита. - Если необходимо, предложи варианты. Оформление заявки на кредит. - Используй функцию submit_credit_application() для оформления.","[""check_credit_history()"", ""submit_credit_application()""]"
Оформление ипотечного кредита,"Запрос пользователя связан с одной из перечисленных тем:
1) ипотечное кредитование
2) условия кредита на жилье","Я хочу взять ипотеку на квартиру, что нужно делать?",1,"Сбор необходимых документов для оформления ипотеки. Оценка стоимости недвижимости. - Используй функцию evaluate_property_value() для получения информации. Определение заемной суммы и срока кредита. - Если необходимо, предложи варианты. Заполнение и подача заявки на ипотечный кредит. - Используй функцию submit_mortgage_application() для оформления.","[""evaluate_property_value(), submit_mortgage_application()""]"
Увеличение кредитного лимита,"Запрос пользователя связан с одной из перечисленных тем:
1) кредитный лимит
2) текущий баланс по кредитной карте",Почему у вас такие высокие проценты по кредиткам?,0,"Подтверждение данных клиента. Проверка текущего кредитного лимита. - Используй функцию check_current_credit_limit() для получения информации. Оценка финансового состояния. - Если необходимо, предложи клиенту предоставить дополнительные документы. Оформление заявки на увеличение лимита. - Используй функцию submit_credit_limit_increase() для оформления.","[""check_current_credit_limit(), submit_credit_limit_increase()""]"
Кредит на образование,"Запрос пользователя связан с одной из перечисленных тем:
1) образовательные кредиты
2) условия кредитования
3) программы поддержки студентов",Как оформить кредит на учёбу? Я хочу взять деньги на учёбу.,1,Сбор информации о программе обучения и необходимые данные клиента. Проверка кредитной истории. - Используй функцию check_credit_history() для получения информации. Предложение вариантов кредитных предложений на основании собранной информации. Оформление заявки на кредит. - Используй функцию submit_credit_application() для оформления.,"[""check_credit_history(), submit_credit_application()""]"
Изменение лимита кредита,"Запрос пользователя связан с одной из перечисленных тем:
1) изменение кредитного лимита
2) новый кредитный лимит","Ваша реклама по кредитам была интересной, но меня это не волнует.",0,"Подтверждение данных клиента. Проверка текущего лимита кредита. - Используй функцию check_current_limit() для получения информации. Оценка возможности изменения лимита. - Если необходимо, предложи варианты. Оформление запроса на изменение лимита. - Используй функцию submit_limit_change_request() для оформления.","[""check_current_limit(), submit_limit_change_request()""]"
Информация о кредите,"Запрос пользователя связан с одной из перечисленных тем:
1) условия по потребительскому кредиту
2) ставки по ипотечному кредиту","Скажите, когда будет новый банкомат у вас в районе?",0,"Подтверждение личности клиента. Проверка доступных кредитных продуктов. - Используй функцию get_credit_products() для получения информации. Предоставление условий и ставок по кредитам. - Если необходимо, предложи варианты. Оформление предварительной заявки на кредит. - Используй функцию initiate_preliminary_application() для оформления.","[""get_credit_products(), initiate_preliminary_application()""]"
Установка кредитного лимита,"Запрос пользователя связан с одной из перечисленных тем:
1) увеличение кредитного лимита
2) условия получения кредита","Мне нужно увеличить кредитный лимит, как это сделать?",1,"Подтверждение данных клиента. Проверка текущего кредитного лимита. - Используй функцию check_current_credit_limit() для получения информации. Оценка финансового состояния клиента. - Если необходимо, запроси дополнительные данные. Подтверждение нового лимита. - Используй функцию update_credit_limit() для изменения лимита.","[""check_current_credit_limit(), update_credit_limit()""]"
Информация о кредитном лимите,"Запрос пользователя связан с одной из перечисленных тем:
1) кредитный лимит
2) условия кредита",Какой у меня сейчас кредитный лимит?,1,"Подтверждение личности клиента. Проверка текущего кредитного лимита. - Используй функцию check_credit_limit() для получения информации. Информирование о доступном лимите и условиях использования. Предложение увеличить кредитный лимит. - Если это возможно, предоставь соответствующие варианты.","[""check_credit_limit()""]"
Кредитная линия,"Запрос пользователя связан с одной из перечисленных тем:
1) увеличение кредитного лимита
2) условия использования кредитной линии",У вас есть какие-то акции на кредиты?,0,"Подтверждение данных клиента. Проверка кредитной истории. - Используй функцию check_credit_history() для получения информации. Определение лимита кредитной линии. - Если необходимо, предложи варианты. Оформление заявки на кредитную линию. - Используй функцию submit_credit_line_application() для оформления.","[""check_credit_history(), submit_credit_line_application()""]"
Увеличение кредитного лимита,"Запрос пользователя связан с одной из перечисленных тем:
1) увеличение кредитного лимита
2) условия получения дополнительного кредита","Могу ли я взять еще один кредит, мне нужно больше денег!",1,Подтверждение данных клиента. Проверка текущего кредитного лимита. - Используй функцию check_current_limit() для получения информации. Оценка финансового состояния. - Используй функцию evaluate_financial_status() для анализа. Оформление запроса на увеличение лимита. - Используй функцию submit_limit_increase_request() для оформления.,"[""check_current_limit(), evaluate_financial_status(), submit_limit_increase_request()""]"
Проверка кредитной информации,"Запрос пользователя связан с одной из перечисленных тем:
1) получение отчета о кредитной истории
2) уточнение статуса кредитной заявки","Хочу проверить, хорошая ли у меня кредитная история. Что с ней?",1,Подтверждение личности клиента. Получение информации о кредитной истории. - Используй функцию retrieve_credit_report() для получения данных. Анализ кредитного рейтинга. - Предоставь рекомендации на основе полученной информации. Информирование клиента о результатах проверки.,"[""retrieve_credit_report()""]"
Изменение условий кредита,"Запрос пользователя связан с одной из перечисленных тем:
1) изменение процентной ставки
2) изменение срока кредита
3) запрос по рефинансированию","Кредит я вообще не брал, но хочу узнать о вкладах.",0,"Подтверждение данных клиента. Проверка действующих условий кредита. - Используй функцию check_current_terms() для получения информации. Предложение новых условий кредита. - Если необходимо, предложи варианты. Оформление изменений условий кредита. - Используй функцию update_credit_terms() для внесения изменений.","[""check_current_terms(), update_credit_terms()""]"
Информация о кредите,"Запрос пользователя связан с одной из перечисленных тем:
1) условия получения кредита
2) информация о процентной ставке","Что-то не так с моей кредитной картой, помогите.",0,"Подтверждение данных клиента. Проверка кредитной истории. - Используй функцию check_credit_history() для получения информации. Выбор условий кредита. - Если необходимо, предложи варианты. Оформление заявки на кредит. - Используй функцию submit_credit_application() для оформления.","[""check_credit_history(), submit_credit_application()""]"
Снижение процентной ставки по кредиту,"Запрос пользователя связан с одной из перечисленных тем:
1) кредитные ставки
2) условия кредитования","У меня нет кредитов, но хочу узнать, какие у вас депозиты.",0,"Подтверждение данных клиента. Проверка условий текущего кредита. - Используй функцию check_current_loan_terms() для получения информации. Анализ возможности снижения ставки. - Если возможно, предложи варианты. Оформление запроса на изменение процентной ставки. - Используй функцию submit_interest_rate_request() для оформления.","[""check_current_loan_terms(), submit_interest_rate_request()""]"
Определение кредитного лимита,"Запрос пользователя связан с одной из перечисленных тем:
1) кредитный лимит
2) изменение лимита
3) условия кредитования",А что у вас с депозитами?,0,"Подтверждение личности клиента. Проверка актуального кредитного лимита. - Используй функцию get_current_credit_limit() для получения информации. Оценка финансового состояния клиента. - Используй функцию assess_financial_status() для анализа. Предложение возможного увеличения кредитного лимита. - Если возможно, представь варианты.","[""get_current_credit_limit(), assess_financial_status()""]"
Информация о кредитах,"Запрос пользователя связан с одной из перечисленных тем:
1) получение кредита
2) условия кредита
3) изменение ставки по кредиту",Какой минимальный баланс на счете для получения кредита?,1,"Подтверждение личности клиента. Проверка доступных кредитных программ. - Используй функцию get_credit_programs() для получения информации. Предоставление информации о процентных ставках и условиях. - Если необходимо, предложи варианты. Оформление предварительной заявки на кредит. - Используй функцию submit_preliminary_application() для оформления.","[""get_credit_programs(), submit_preliminary_application()""]"
Выписка по счету,"Запрос пользователя связан с одним из перечисленных тем:
1) необходимость получения выписки по счету
2) уточнение информации о транзакциях","Я не хочу ни с чем разбираться, просто дайте мне деньги.",0,Подтверждение данных клиента. Запрос информации о последних операциях. - Используй функцию get_account_statement() для получения выписки. Форматирование и подготовка выписки для клиента. Отправка выписки по указанному каналу связи. - Используй функцию send_statement() для отправки.,"[""get_account_statement(), send_statement()""]"
Установка кредитного лимита,"Запрос пользователя связан с темой кредитования
Пользователь хочет увеличить свой кредитный лимит","Мне нужно поднять кредитный лимит, что для этого нужно?",1,"Подтверждение данных клиента. Анализ текущего финансового состояния. - Используй функцию analyze_financial_status() для получения информации. Определение возможного кредитного лимита. - Если необходимо, предложи варианты. Оформление изменения кредитного лимита. - Используй функцию submit_credit_limit_change() для оформления.","[""analyze_financial_status(), submit_credit_limit_change()""]"
Статус кредита,"Запрос пользователя связан с одной из перечисленных тем:
1) актуальный статус заявления на кредит
2) срок рассмотрения кредитной заявки
3) отказ в выдаче кредита","Я хочу знать, что там с моим заявлением на денежку, не помню номер.",1,"Подтверждение данных клиента. Проверка статуса кредита. - Используй функцию check_loan_status() для получения информации. Информирование клиента о текущем статусе. Предложение дополнительных услуг, если статус кредита позволяет.","[""check_loan_status()""]"
Выписка по счету,"Запрос пользователя связан с одной из перечисленных тем:
1) получение выписки
2) уточнение баланса
3) необходимость анализа расходной части",Я хочу получить информацию о своих расходах по счету.,1,"Подтверждение идентификации клиента. Проверка доступных счетов. - Используй функцию get_account_details() для получения информации. Выбор периода для выписки. - Если необходимо, предложи указать даты. Генерация и отправка выписки на электронную почту. - Используй функцию send_statement() для отправки.","[""get_account_details(), send_statement()""]"
Кредит на жилье,"Запрос пользователя связан с одной из перечисленных тем:
1) ипотечный кредит
2) покупка недвижимости","Я просто хотел узнать, сколько у вас стоит кофе в банке.",0,"Подтверждение личных данных клиента. Анализ финансового положения клиента. - Используй функцию assess_financial_status() для получения информации. Обсуждение различных типов кредитов. - Если необходимо, предложи варианты. Оформление документов для кредитного соглашения. - Используй функцию prepare_credit_documents() для подготовки.","[""assess_financial_status(), prepare_credit_documents()""]"
Узнать кредитный лимит,"Запрос пользователя связан с одной из перечисленных тем:
1) кредитный лимит
2) условия кредита","Мне нужно узнать, что там с кредитами, какие проценты?",1,"Подтверждение личности клиента. Проверка доступного кредитного лимита. - Используй функцию check_credit_limit() для получения информации. Информирование о текущем лимите и возможных изменениях. Предложение увеличить кредитный лимит. - Если клиент заинтересован, переходи к следующему этапу.","[""check_credit_limit()""]"
Статус кредита,"Запрос пользователя связан с одной из перечисленных тем:
1) статус заявки на кредит
2) информация о текущих кредитных задолженностях","У меня есть вопрос по зарплате, но кредит меня не интересует.",0,"Подтверждение данных клиента. Получение актуального статуса кредита. - Используй функцию get_credit_status() для получения информации. Информирование о следующих шагах. - Если необходимо, предложи варианты действий. Ответ на вопросы клиента. - Используй функцию answer_customer_questions() для обработки запросов.","[""get_credit_status(), answer_customer_questions()""]"
Информация о кредите,"Запрос пользователя связан с одной из перечисленных тем:
1) информация о кредите
2) расчеты по кредиту",Какой баланс по моему кредиту?,1,"Подтверждение данных клиента. Проверка состояния кредита. - Используй функцию check_loan_status() для получения информации. Выдача информации о погашении долга. - Если необходимо, предоставь подробности. Сообщение о возможных действиях по кредиту. - Предложи варианты продления или реструктуризации.","[""check_loan_status()""]"
Кредит на обучение,"Запрос пользователя связан с одной из перечисленных тем:
1) кредиты на образование
2) условия кредитования","Я просто хочу узнать, как дела у моего друга в банке.",0,"Сбор информации о программе обучения и сроках. Оценка финансовых потребностей. - Используй функцию assess_financial_needs() для анализа. Предложение вариантов кредитов. - Если необходимо, предложи несколько вариантов. Подготовка документов для оформления кредита. - Используй функцию prepare_documents() для сбора необходимых документов.","[""assess_financial_needs(), prepare_documents()""]"
Изменение лимита кредита,"Запрос пользователя связан с одной из перечисленных тем:
1) изменение кредитного лимита
2) увеличение доступной суммы кредита","Я хочу изменить лимит, сделайте что-нибудь с моей картой, пожалуйста.",1,"Подтверждение личности клиента. Проверка текущего лимита и истории использования. - Используй функцию check_current_limit() для получения информации. Оценка возможности изменения лимита. - Если необходимо, предложи варианты условий изменения. Оформление запроса на изменение лимита. - Используй функцию submit_limit_change_request() для оформления.","[""check_current_limit(), submit_limit_change_request()""]"
Информация по кредиту,"Запрос пользователя связан с одной из перечисленных тем:
1) условия кредитования
2) получение кредита","Как там с ипотекой у вас, что за дела?",1,Сбор данных о запрашиваемом кредите. Проверка кредитной истории. - Используй функцию check_credit_history() для получения информации. Обсуждение вариантов кредитования. - Предложи разные предложения по ставкам. Подготовка документации для оформления кредита. - Используй функцию prepare_loan_documentation() для подготовки.,"[""check_credit_history(), prepare_loan_documentation()""]"
Кредитование,"Запрос пользователя связан с одной из перечисленных тем:
1) получение кредита
2) изменение условий по кредиту","Мне нужно 300 тысяч, а можно ли как-то по-другому оформить?",1,"Подтверждение данных клиента. Проверка кредитной истории. - Используй функцию check_credit_history() для получения информации. Выбор условий кредита. - Если необходимо, предложи варианты. Оформление заявки на кредит. - Используй функцию submit_credit_application() для оформления.","[""check_credit_history()"", ""submit_credit_application()""]"
Блокировка счета,"Запрос пользователя связан с одной из перечисленных тем:
1) блокировка счета
2) подозрительная активность на счете","Я не могу получить доступ к своему счету, он, кажется, заблокирован.",1,"Подтверждение личности клиента. Проверка состояния счета. - Используй функцию check_account_status() для получения информации. Инициация процесса блокировки счета. - Если необходимо, предложи причины блокировки. Уведомление клиента о завершении блокации. - Используй функцию notify_client() для информирования.","[""check_account_status(), notify_client()""]"
Кредит на обучение,"Запрос пользователя связан с одной из перечисленных тем:
1) кредиты на образование
2) условия получения студенческого кредита",Как мне получить кредит на обучение?,1,"Сбор информации о программе обучения. Оценка финансовых возможностей клиента. - Используй функцию assess_financial_capability() для анализа. Предложение различных вариантов кредитования. - Если необходимо, предоставь условия. Оформление заявки на кредит. - Используй функцию submit_education_loan_application() для оформления.","[""assess_financial_capability(), submit_education_loan_application()""]"
Увеличение кредитного лимита,"Запрос пользователя связан с одной из перечисленных тем:
1) увеличение кредитного лимита
2) условия предоставления кредита","Зачем мне ваша карта, когда я могу снимать деньги в банкомате?",0,Подтверждение данных клиента. Проверка текущего кредитного лимита. Анализ финансового состояния клиента. - Используй функцию analyze_financial_status() для получения информации. Оформление заявки на увеличение лимита. - Используй функцию submit_limit_increase_request() для оформления.,"[""analyze_financial_status(), submit_limit_increase_request()""]"
Кредитная информация,"Запрос пользователя связан с одной из перечисленных тем:
1) процентные ставки по кредитам
2) условия получения кредита",Есть ли у вас акции на кредитные карты?,0,"Подтверждение данных клиента. Проверка кредитной истории. - Используй функцию check_credit_history() для получения информации. Определение максимальной суммы кредита. - Используй функцию calculate_max_credit_amount() для расчета. Предложение вариантов кредитных продуктов. - Если необходимо, предоставь несколько вариантов.","[""check_credit_history(), calculate_max_credit_amount()""]"
Информация о кредите,"Запрос пользователя связан с одной из перечисленных тем:
1) условия получения кредита
2) процентная ставка по кредиту",Что за акция у вас сейчас на депозитах?,0,"Сбор персональных данных клиента. Проверка кредитного рейтинга. - Используй функцию check_credit_history() для получения информации. Предложение различных кредитных продуктов. - Если необходимо, предложи варианты. Подготовка документации для оформления кредита. - Используй функцию prepare_credit_documents() для подготовки.","[""check_credit_history(), prepare_credit_documents()""]"
Рефинансирование жилищного кредита,"Запрос пользователя связан с одной из перечисленных тем:
1) жилищный кредит
2) возможность снижения процентной ставки","Надо узнать, как с вашим банком, возможно, сменю!",0,"Сбор информации о существующем кредите. Проверка возможности рефинансирования. - Используй функцию check_refinancing_options() для получения информации. Подбор новых условий кредита. - Если необходимо, предложи варианты. Оформление заявки на рефинансирование. - Используй функцию submit_refinancing_application() для оформления.","[""check_refinancing_options(), submit_refinancing_application()""]"
Оформление кредита,"Запрос пользователя связан с одной из перечисленных тем:
1) получение кредита
2) условия кредитования","Как получить кредит, скажите мне, что делать?",1,"Сбор информации о заемщике. Проверка кредитной истории. - Используй функцию check_credit_history() для получения информации. Выбор подходящих условий кредита. - Если необходимо, предложи варианты. Оформление заявки на кредит. - Используй функцию submit_credit_application() для оформления.","[""check_credit_history(), submit_credit_application()""]"
Информация о кредитах,"Запрос пользователя связан с одной из перечисленных тем:
1) условия кредитования
2) ставки по кредитам",Какие у вас условия по потребительским кредитам?,1,Подтверждение данных клиента. Проверка кредитной истории. - Используй функцию check_credit_history() для получения информации. Объяснение условий кредитования. - Предоставь доступные варианты кредитов. Оформление заявки на кредит. - Используй функцию submit_credit_application() для оформления.,"[""check_credit_history(), submit_credit_application()""]"
Активация вклада,"Запрос пользователя связан с одной из перечисленных тем:
1) открытие вклада
2) активация вклада",Как мне активировать новый вклад?,1,"Подтверждение данных клиента. Проверка доступных вкладов. - Используй функцию check_available_deposits() для получения информации. Выбор условий вклада. - Если необходимо, предложи варианты. Создание нового вклада. - Используй функцию create_new_deposit() для оформления.","[""check_available_deposits(), create_new_deposit()""]"
Кредит на образование,"Запрос пользователя связан с одной из перечисленных тем:
1) кредитование
2) займ на обучение","Я хочу знать, может ли банк дать деньги на учёбу!",1,"Сбор информации о программе обучения. Оценка финансовых потребностей. - Используй функцию assess_financial_needs() для определения суммы. Выбор подходящих кредитных предложений. - Если необходимо, предложи варианты. Оформление документов для кредита. - Используй функцию prepare_loan_documents() для подготовки.","[""assess_financial_needs(), prepare_loan_documents()""]"
