scene_name,entry_condition,user_message,category,target,scene_text,funcs
Проблемы с блокировкой карты,"Запрос пользователя связан с одной из перечисленных тем:
1) блокировка карты
2) снятие блокировки карты","Я не могу использовать свою карту, она, похоже, заблокирована.",Проблемы с картами,1,Идентификация клиента. Проверка причины блокировки карты. - Используй функцию <check_block_reason>. Обсуждение возможных решений проблемы. - Предложи варианты с использованием функции <offer_solutions>. Подтверждение устранения проблемы. - Функция <confirm_resolution>. Уведомление клиента о разблокировке карты. - Используй функцию <notify_unlock>.,"[""check_block_reason"", ""offer_solutions"", ""confirm_resolution"", ""notify_unlock""]"
Подтверждение транзакции,"Запрос пользователя связан с одной из перечисленных тем:
1) необработанная транзакция
2) подозрительная транзакция","Я не вижу на своем счете транзакцию за 5000 рублей, вы можете подтвердить, что она была выполнена?",Транзакции,1,Проверка идентификации клиента. Верификация информации о транзакции. - Используй функцию <check_transaction_info>. Проверка наличия достаточных средств. - Функция <verify_account_balance>. Предложение подтверждения транзакции клиенту. Завершение транзакции. - Используй функцию <finalize_transaction>.,"[""check_transaction_info"", ""verify_account_balance"", ""finalize_transaction""]"
Статус страхового полиса,"Запрос пользователя связан с одной из перечисленных тем:
1) статус страхового полиса
2) информация о выплатах по страховке",Какой статус моего страхового полиса?,Страхование,1,Проверка идентификационных данных клиента. Запрос информации о текущем статусе полиса. - Используй функцию <getPolicyStatus()>. Определение даты окончания действия полиса. - Функция <checkPolicyExpiry()>. Предложение вариантов продления полиса. - Используй функцию <offerRenewalOptions()>.,"[""getPolicyStatus()"", ""checkPolicyExpiry()"", ""offerRenewalOptions()""]"
Консультация по инвестициям,"Запрос пользователя связан с одной из перечисленных тем:
1) инвестиционные стратегии
2) фондовые рынки
3) риски инвестирования",Какой у вас курс валюты на сегодня?,Инвестиции,0,Проверка инвестиционного профиля клиента. Анализ текущих рыночных тенденций. - Используй функцию <getMarketTrends()>. Предложение инвестиционных стратегий. - Предложи варианты с использованием функции <suggestInvestmentOptions()>. Обсуждение рисков и потенциальной прибыли. Заключение и рекомендация по действию. - Функция <finalizeInvestmentAdvice()>.,"[""getMarketTrends()"", ""suggestInvestmentOptions()"", ""finalizeInvestmentAdvice()""]"
Информация о кредитных продуктах,"Запрос пользователя связан с одной из перечисленных тем:
1) условия кредитования
2) процентные ставки по кредитам","Может, расскажете про кредиты? Интересно, что у вас там есть.",Кредитование,1,Проверка доступных кредитных продуктов. Определение требований для получения кредита. - Используй функцию <validate_criteria> Предложение вариантов кредитования. - Предложи варианты с использованием функции <offer_credit_options>. Расчет примерной ежемесячной выплаты. - Функция <calculate_monthly_payment>. Консультирование по условиям и документам для оформления кредита.,"[""validate_criteria"", ""offer_credit_options"", ""calculate_monthly_payment""]"
Смена пароля в мобильном банке,"Запрос пользователя связан с одной из перечисленных тем:
1) смена пароля
2) забытый пароль
3) безопасность аккаунта","Я забыл пароль от мобильного банка, что делать?",Мобильный банкинг,1,Проверка идентификации клиента. Ввод текущего пароля. - Используй функцию <validate_current_password> Создание нового пароля. - Предложи варианты сложности с использованием функции <generate_password_options>. Подтверждение нового пароля. - Функция <confirm_password_match>. Обновление данных пользователя. - Используй функцию <update_user_password>.,"[""validate_current_password"", ""generate_password_options"", ""confirm_password_match"", ""update_user_password""]"
Проверка подозрительных транзакций,"Запрос пользователя связан с одной из перечисленных тем:
1) подозрительная транзакция
2) уведомление о несанкционированной операции","Что за фигня, у меня тут какая-то транзакция, которую я не делал вообще!",Безопасность счета,1,Идентификация подозрительных транзакций. Анализ транзакционной истории клиента. - Используй функцию <анализ_истории_транзакций>. Проверка соответствия транзакций установленным лимитам. Уведомление пользователя о подозрительных транзакциях. - Функция <отправить_уведомление>. Предложение о блокировке карты для предотвращения мошенничества.,"[""\u0430\u043d\u0430\u043b\u0438\u0437_\u0438\u0441\u0442\u043e\u0440\u0438\u0438_\u0442\u0440\u0430\u043d\u0437\u0430\u043a\u0446\u0438\u0439"", ""\u043e\u0442\u043f\u0440\u0430\u0432\u0438\u0442\u044c_\u0443\u0432\u0435\u0434\u043e\u043c\u043b\u0435\u043d\u0438\u0435""]"
Управление безопасностью карты,"Запрос пользователя связан с одной из перечисленных тем:
1) блокировка карты
2) подозрительная транзакция",Почему у вас такие высокие комиссии?,Проблемы с картами,0,Проверка активности по карте клиента. Анализ транзакций на предмет подозрительных операций. Уведомление клиента о подозрительной активности. - Используй функцию <send_alert_to_client>. Блокировка карты при подтверждении подозрительных транзакций. - Функция <block_card>. Предоставление инструкций по восстановлению доступа к карте.,"[""send_alert_to_client"", ""block_card""]"
Возврат несанкционированной транзакции,"Запрос пользователя связан с одной из перечисленных тем:
1) несанкционированная транзакция
2) ошибки в списании средств","Эта транзакция, которую я вижу — не моя. Верните деньги, пожалуйста!",Транзакции,1,Проверка информации о транзакции. Идентификация клиента. - Используй функцию <verify_customer_identity> Анализ причин несанкционированной транзакции. - Предложи варианты с использованием функции <analyze_transaction_cause> Процесс возврата средств. - Функция <initiate_refund_process>.,"[""verify_customer_identity"", ""analyze_transaction_cause"", ""initiate_refund_process""]"
Информация о страховом полисе,"Запрос пользователя связан с одной из перечисленных тем:
1) условия страхования
2) обновление или изменение полиса","А есть ли у вас что-то по поводу кредитов? Я просто хотел узнать, может, что-то выгодное.",Страхование,0,Проверка данных клиента. Выяснение типа страхового полиса. - Используй функцию <getPolicyType>. Проверка статуса полиса. Предоставление информации о выплатах по полису.,"[""getPolicyType""]"
Консультация по инвестициям в акции,"Запрос пользователя связан с одной из перечисленных тем:
1) инвестиции в акции
2) выбор акций для вложения","Как мне вложить деньги в акции? Я хочу знать, какие компании сейчас перспективные.",Инвестиции,1,"Проверка финансового положения клиента. Анализ текущих тенденций на фондовом рынке. - Используй функцию <getMarketTrends>. Оценка рисков, связанных с инвестициями. - Предложи варианты с использованием функции <assessInvestmentRisks>. Рекомендации по выбору акций для покупки. - Функция <suggestStocks>. Оформление инвестиционного портфеля. - Используй функцию <createInvestmentPortfolio>.","[""getMarketTrends"", ""assessInvestmentRisks"", ""suggestStocks"", ""createInvestmentPortfolio""]"
Изменение условий кредита,"Запрос пользователя связан с одной из перечисленных тем:
1) изменение процентной ставки по кредиту
2) пересмотр срока погашения кредита","Я просто не знаю, как с кредитами обращаться.",Кредитование,0,Проверка текущих условий кредита. Анализ платежеспособности клиента. - Используй функцию <анализ_платежеспособности>. Предложение новых условий с учетом текущих рыночных ставок. - Функция <предложить_новые_условия>. Согласование нового графика платежей. - Функция <согласовать_платежи>. Оформление изменения условий кредита. - Используй функцию <оформить_изменение>.,"[""\u0430\u043d\u0430\u043b\u0438\u0437_\u043f\u043b\u0430\u0442\u0435\u0436\u0435\u0441\u043f\u043e\u0441\u043e\u0431\u043d\u043e\u0441\u0442\u0438"", ""\u043f\u0440\u0435\u0434\u043b\u043e\u0436\u0438\u0442\u044c_\u043d\u043e\u0432\u044b\u0435_\u0443\u0441\u043b\u043e\u0432\u0438\u044f"", ""\u0441\u043e\u0433\u043b\u0430\u0441\u043e\u0432\u0430\u0442\u044c_\u043f\u043b\u0430\u0442\u0435\u0436\u0438"", ""\u043e\u0444\u043e\u0440\u043c\u0438\u0442\u044c_\u0438\u0437\u043c\u0435\u043d\u0435\u043d\u0438\u0435""]"
Восстановление доступа к мобильному банку,"Запрос пользователя связан с одной из перечисленных тем:
1) забытый пароль
2) сброс доступа к учетной записи","Мне нужно поменять номер телефона в банке, посмотрите, может, я смогу зайти!",Мобильный банкинг,0,Идентификация клиента по номеру телефона. Проверка наличия зарегистрированного адреса электронной почты. Отправка кода подтверждения на указанный адрес электронной почты. - Используй функцию <sendConfirmationEmail()> Ввод кода подтверждения для доступа к аккаунту. Создание нового пароля и завершение восстановления доступа.,"[""sendConfirmationEmail()""]"
Подтверждение безопасности счета,"Запрос пользователя связан с одной из перечисленных тем:
1) подозрительная активность на счете
2) подозрение на взлом аккаунта","Я заметил странные транзакции на своем счете, что мне делать?",Безопасность счета,1,Проверка личной информации клиента. Анализ активности на счете. - Используй функцию <analyzeAccountActivity()>. Верификация устройства входа. - Функция <verifyLoginDevice()>. Проверка на наличие подозрительных транзакций. - Используй функцию <checkSuspiciousTransactions()>. Подтверждение безопасности счета и уведомление клиента.,"[""analyzeAccountActivity()"", ""verifyLoginDevice()"", ""checkSuspiciousTransactions()""]"
Проблемы с дебетовой картой,"Запрос пользователя связан с одной из перечисленных тем:
1) блокировка дебетовой карты
2) ошибка при оплате картой","Моя дебетовая карта заблокирована, что делать?",Проблемы с картами,1,Проверка статуса дебетовой карты. Определение причины блокировки. - Используй функцию <check_card_status>. Предложение вариантов разблокировки карты. - Используй функцию <offer_unlock_options>. Запрос дополнительной информации для решения проблемы. - Функция <request_additional_info>.,"[""check_card_status"", ""offer_unlock_options"", ""request_additional_info""]"
Информация о транзакции,Запрос пользователя связан с одной из перечисленных тем: 1) информация о проведенной транзакции 2) запрос о возврате денег,"Недавно я сделал покупку, но не вижу транзакции в своем аккаунте. Можешь помочь?",Транзакции,1,Проверка идентификации клиента. Получение списка последних транзакций. - Используй функцию <get_recent_transactions()>. Анализ деталей выбранной транзакции. - Функция <analyze_transaction_details()>. Получение информации о статусе транзакции. - Используй функцию <check_transaction_status()>. Подведение итогов и рекомендации по дальнейшим действиям.,"[""get_recent_transactions()"", ""analyze_transaction_details()"", ""check_transaction_status()""]"
Консультация по страховке,"Запрос пользователя связан с одной из перечисленных тем:
1) уточнение условий страхования
2) проверка статуса полиса
3) подача иска по страховому случаю","Слышал про страховки, какие у вас предложения?",Страхование,0,Проверка потребностей клиента. Определение типов страховок. - Используй функцию <getInsuranceTypes()> Предоставление информации о полисах. - Функция <fetchPolicyDetails()>. Согласование условий страховки. - Функция <agreeOnTerms()>.,"[""getInsuranceTypes()"", ""fetchPolicyDetails()"", ""agreeOnTerms()""]"
Консультация по инвестициям в акции,"Запрос пользователя связан с одной из перечисленных тем:
1) инвестиции в акции
2) выбор акций для покупки",Какую акцию мне купить? Я хочу инвестировать в технологии.,Инвестиции,1,Проверка инвестиционного профиля клиента. Анализ рынка акций. - Используй функцию <fetch_market_data>. Определение рекомендованных акций. - Предложи варианты с использованием функции <generate_recommendations>. Обсуждение рисков инвестирования. - Функция <assess_risks>. Оформление инвестиционного плана.,"[""fetch_market_data"", ""generate_recommendations"", ""assess_risks""]"
Условия кредита,"Запрос пользователя связан с одной из перечисленных тем:
1) условия кредитования
2) процентные ставки по кредитам",Какой сегодня день?,Кредитование,0,Проверка кредитной истории клиента. Определение доступных сумм кредита. - Используй функцию <calculateLoanAmounts()> Выбор подходящих сроков кредита. - Предложи варианты с использованием функции <suggestLoanTerms()>. Оценка процентной ставки. - Функция <calculateInterestRate()>. Согласование и подписание условий кредита. - Используй функцию <finalizeLoanAgreement()>.,"[""calculateLoanAmounts()"", ""suggestLoanTerms()"", ""calculateInterestRate()"", ""finalizeLoanAgreement()""]"
Восстановление доступа к мобильному банкингу,"Запрос пользователя связан с одной из перечисленных тем:
1) забытый пароль
2) блокировка аккаунта",Почему у меня нет доступа в мобильное приложение?,Мобильный банкинг,0,Проверка личности клиента. Отправка кода подтверждения на зарегистрированный номер телефона. - Используй функцию <send_confirmation_code>. Ввод кода подтверждения для подтверждения личности. - Используй функцию <validate_confirmation_code>. Обновление данных доступа в системе.,"[""send_confirmation_code"", ""validate_confirmation_code""]"
Проверка безопасности счета,"Запрос пользователя связан с одной из перечисленных тем:
1) подозрительная активность на счете
2) запрос на изменение пароля",Почему у меня такие большие списания? Проверьте это!,Безопасность счета,0,Идентификация клиента. Проверка активности транзакций. - Используй функцию <check_transaction_activity>. Оценка рисков. - Функция <assess_risk>. Верификация контактных данных. - Используй функцию <verify_contact_info>. Заключение проверки. - Функция <finalize_security_check>.,"[""check_transaction_activity"", ""assess_risk"", ""verify_contact_info"", ""finalize_security_check""]"
Перевыпуск карты после кражи,"Запрос пользователя связан с одной из перечисленных тем:
1) кража карты
2) необходимость перевыпуска карты","Моя карта была украдена, что мне делать?",Проблемы с картами,1,Уведомление клиента о необходимости перевыпуска карты. Проверка статуса кражи и блокировка старой карты. - Используй функцию <blockOldCard> Создание заявки на перевыпуск карты. - Предложи варианты с использованием функции <generateNewCardRequest>.,"[""blockOldCard"", ""generateNewCardRequest""]"
Проверка статуса транзакции,"Запрос пользователя связан с одной из перечисленных тем:
1) проверка истории транзакций
2) уточнение статуса перевода",Какие у вас услуги банковского обслуживания?,Транзакции,0,Получение информации о совершенной транзакции. Проверка статуса транзакции. - Используй функцию <checkTransactionStatus>. Вывод информации о результатах проверки. - Функция <generateStatusReport>. Уведомление клиента о статусе транзакции.,"[""checkTransactionStatus"", ""generateStatusReport""]"
Оформление страховки,"Запрос пользователя связан с одной из перечисленных тем:
1) получение информации о страховках
2) оформление новой страховки
3) изменение существующей страховки",Хочу узнать о страховке для автомобиля.,Страхование,1,Проверка данных клиента. Оценка типа страховки. - Используй функцию <определитьТипСтраховки()>. Сбор необходимых документов. Подготовка полиса. - Используй функцию <создатьПолис()>.,"[""\u043e\u043f\u0440\u0435\u0434\u0435\u043b\u0438\u0442\u044c\u0422\u0438\u043f\u0421\u0442\u0440\u0430\u0445\u043e\u0432\u043a\u0438"", ""\u0441\u043e\u0437\u0434\u0430\u0442\u044c\u041f\u043e\u043b\u0438\u0441""]"
Процесс оформления кредита,"Запрос пользователя связан с одной из перечисленных тем:
1) получение кредита
2) условия кредитования
3) необходимые документы для кредита","Я хочу узнать о кредитах, как мне это сделать?",Кредитование,1,Проверка личных данных клиента. Оценка кредитной истории. - Используй функцию <оценка_кредитной_истории> Определение суммы и срока кредита. - Предложи варианты с использованием функции <расчет_кредита>. Подготовка документации. - Функция <подготовка_документов>. Заключение договора. - Используй функцию <оформление_договора>.,"[""\u043e\u0446\u0435\u043d\u043a\u0430_\u043a\u0440\u0435\u0434\u0438\u0442\u043d\u043e\u0439_\u0438\u0441\u0442\u043e\u0440\u0438\u0438"", ""\u0440\u0430\u0441\u0447\u0435\u0442_\u043a\u0440\u0435\u0434\u0438\u0442\u0430"", ""\u043f\u043e\u0434\u0433\u043e\u0442\u043e\u0432\u043a\u0430_\u0434\u043e\u043a\u0443\u043c\u0435\u043d\u0442\u043e\u0432"", ""\u043e\u0444\u043e\u0440\u043c\u043b\u0435\u043d\u0438\u0435_\u0434\u043e\u0433\u043e\u0432\u043e\u0440\u0430""]"
Восстановление доступа к мобильному банкингу,"Запрос пользователя связан с одной из перечисленных тем:
1) проблемы с входом в мобильное приложение
2) забытый пароль или логин","Не помню, как меня зовут в вашем приложении, кто вы вообще?",Мобильный банкинг,1,Проверка личных данных клиента. Идентификация телефона клиента. - Используй функцию <проверка_номера_телефона>. Отправка кода восстановления на зарегистрированный номер. - Функция <отправка_кода>. Проверка введенного кода. - Используй функцию <верификация_кода>. Подтверждение восстановления доступа.,"[""\u043f\u0440\u043e\u0432\u0435\u0440\u043a\u0430_\u043d\u043e\u043c\u0435\u0440\u0430_\u0442\u0435\u043b\u0435\u0444\u043e\u043d\u0430"", ""\u043e\u0442\u043f\u0440\u0430\u0432\u043a\u0430_\u043a\u043e\u0434\u0430"", ""\u0432\u0435\u0440\u0438\u0444\u0438\u043a\u0430\u0446\u0438\u044f_\u043a\u043e\u0434\u0430""]"
Обработка подозрительных транзакций,Запрос пользователя связан с одной из перечисленных тем: 1) подозрительные операции 2) несанкционированные списания,"Походу, у меня какие-то мошенники списали бабки, хз вообще что делать.",Безопасность счета,1,Идентификация подозрительной транзакции. Проверка информации о клиенте. - Используй функцию <get_client_info()>. Сравнение с историей транзакций клиента. Уведомление клиента о подозрительной транзакции. - Используй функцию <send_alert_to_client()>.,"[""get_client_info()"", ""send_alert_to_client()""]"
Проблема с потерей карты,"Запрос пользователя связан с одной из перечисленных тем:
1) потеря карты
2) блокировка карты","Вы можете рассказать, какие у вас есть акции на кредиты?",Проблемы с картами,0,Проверка данных клиента. Определение возможности блокировки карты. - Используй функцию <block_card>. Сбор информации о последнем использовании карты. Оформление новой карты. - Предложи варианты с использованием функции <issue_new_card>.,"[""block_card"", ""issue_new_card""]"
Проверка статуса транзакции,"Запрос пользователя связан с одной из перечисленных тем:
1) запрос информации о проведенной транзакции
2) уточнение статуса перечисления средств","Я хочу узнать, что произошло с моим переводом на 5000 рублей, который был сделан вчера.",Транзакции,1,Получение информации о транзакции. Проверка текущего статуса транзакции. - Используй функцию <getTransactionStatus()>. Подсчет времени обработки транзакции. - Используй функцию <calculateProcessingTime()>. Вывод информации о завершении или отклонении транзакции.,"[""getTransactionStatus()"", ""calculateProcessingTime()""]"
Консультация по страхованию имущества,"Запрос пользователя связан с одной из перечисленных тем:
1) страхование жилья
2) страхование автомобилей","Мне нужно застраховать свою квартиру, подскажите, что для этого требуется?",Страхование,1,"Сбор информации о типе имущества, подлежащего страхованию. Оценка рисков и определение страховой суммы. - Используй функцию <calculateRiskAssessment>. Предложение различных тарифов и планов страхования. - Используй функцию <offerInsurancePlans>. Заполнение анкеты для оформления страховки. - Используй функцию <processInsuranceApplication>.","[""calculateRiskAssessment"", ""offerInsurancePlans"", ""processInsuranceApplication""]"
Консультация по инвестициям на фондовом рынке,"Запрос пользователя связан с одной из перечисленных тем:
1) инвестиции в акции
2) диверсификация портфеля
3) анализ рисков",Почему моя карта не работает? Я же ее правильно настроил.,Инвестиции,0,"Определение инвестиционных целей клиента. Анализ текущего портфеля активов. - Используй функцию <анализПортфеля()>. Предложение различных инвестиционных стратегий. Оценка рисков, связанных с инвестициями. - Функция <оценкаРисков()>.","[""\u0430\u043d\u0430\u043b\u0438\u0437\u041f\u043e\u0440\u0442\u0444\u0435\u043b\u044f"", ""\u043e\u0446\u0435\u043d\u043a\u0430\u0420\u0438\u0441\u043a\u043e\u0432""]"
Изменение лимита по кредитной карте,"Запрос пользователя связан с одной из перечисленных тем:
1) лимит на кредитной карте
2) повышение лимита
3) временное увеличение лимита",Как мне поднять лимит на карте? У меня Visa.,Мобильный банкинг,1,Проверка идентификационных данных клиента. Анализ текущего лимита и его использования. Оценка кредитной истории. - Используй функцию <анализКредитнойИстории>. Принятие решения об изменении лимита.,"[""\u0430\u043d\u0430\u043b\u0438\u0437\u041a\u0440\u0435\u0434\u0438\u0442\u043d\u043e\u0439\u0418\u0441\u0442\u043e\u0440\u0438\u0438""]"
Обработка подозрительной транзакции,"Запрос пользователя связан с одной из перечисленных тем:
1) подозрительное списание
2) уведомление о мошеннической активности
3) блокировка счета из-за подозрительных операций","Чё это за 5000 рублей списали с моего счета, я ничего не покупал?",Безопасность счета,1,Проверка недавних транзакций клиента. Анализ подозрительных паттернов. - Используй функцию <анализ_транзакций>. Уведомление клиента о подозрительной транзакции. - Функция <отправка_уведомления>. Запрос дополнительной информации у клиента. - Используй функцию <запрос_данных>. Принятие решения о блокировке карты. - Функция <блокировка_карты>.,"[""\u0430\u043d\u0430\u043b\u0438\u0437_\u0442\u0440\u0430\u043d\u0437\u0430\u043a\u0446\u0438\u0439"", ""\u043e\u0442\u043f\u0440\u0430\u0432\u043a\u0430_\u0443\u0432\u0435\u0434\u043e\u043c\u043b\u0435\u043d\u0438\u044f"", ""\u0437\u0430\u043f\u0440\u043e\u0441_\u0434\u0430\u043d\u043d\u044b\u0445"", ""\u0431\u043b\u043e\u043a\u0438\u0440\u043e\u0432\u043a\u0430_\u043a\u0430\u0440\u0442\u044b""]"
Блокировка карты после кражи,"Запрос пользователя связан с одной из перечисленных тем:
1) кража карты
2) подозрительная транзакция","Мне нужно узнать баланс, не могу до банка дозвониться.",Проблемы с картами,0,Проверка данных клиента. Проверка активности карты. - Используй функцию <check_card_activity()>. Идентификация последней транзакции. - Функция <get_last_transaction()>. Блокировка карты. - Используй функцию <block_card()>. Подтверждение блокировки и предоставление инструкции дальше. - Функция <provide_followup_instructions()>.,"[""check_card_activity()"", ""get_last_transaction()"", ""block_card()"", ""provide_followup_instructions()""]"
Информация о страховом полисе,"Запрос пользователя связан с одной из перечисленных тем:
1) информация о текущем страховом полисе
2) продление страхового полиса
3) проверка статуса страхового возмещения",Как воспользоваться страховкой на случай болезни?,Страхование,0,Проверка идентификационных данных клиента. Извлечение информации о действующих полисах. - Используй функцию <getActivePolicies()> Определение условий полиса. - Предложи варианты с использованием функции <offerPolicyOptions()>. Обработка запросов по условиям страхования. - Функция <processInsuranceInquiry()>.,"[""getActivePolicies()"", ""offerPolicyOptions()"", ""processInsuranceInquiry()""]"
Проверка статуса кредита,"Запрос пользователя связан с одной из перечисленных тем:
1) статус заявки на кредит
2) изменение условий кредита","Я хочу узнать, как продвигается моя заявка на кредит.",Кредитование,1,Получение информации о текущем статусе кредита. Проверка актуальности данных клиента. - Используй функцию <validate_client_data>. Определение срока погашения кредита. Анализ платежной истории. - Функция <analyze_payment_history>. Предоставление информации о необходимых действиях для продолжения сотрудничества.,"[""validate_client_data"", ""analyze_payment_history""]"
Восстановление доступа к мобильному банкингу,"Запрос пользователя связан с одной из перечисленных тем:
1) восстановление пароля
2) блокировка доступа к приложению","Я забыл свой пароль для мобильного банка, как мне его восстановить?",Мобильный банкинг,1,Проверка личности клиента. Подтверждение контактной информации. - Используй функцию <send_verification_code>. Обработка запроса на восстановление доступа. Согласование нового пароля. - Функция <update_password>. Уведомление клиента о восстановлении доступа.,"[""send_verification_code"", ""update_password""]"
Мониторинг подозрительных транзакций,"Запрос пользователя связан с одной из перечисленных тем:
1) неожиданные списания с счета
2) подозрительная активность на счете","Можно узнать, сколько у меня баллов по программе лояльности?",Безопасность счета,0,Проверка недавних транзакций клиента. Сравнение транзакций с историей клиента. - Используй функцию <compare_transactions()> Определение потенциальных рисков и фиктивных операций. Сообщение клиенту о выявленных аномалиях. - Функция <notify_client()> Рекомендации по дальнейшим действиям для клиента.,"[""compare_transactions()"", ""notify_client()""]"
Снятие блокировки карты,"Запрос пользователя связан с одной из перечисленных тем:
1) блокировка карты
2) проблемы с использованием карты","Почему у меня такой большой лимит на кредит? В общем, мне нужно поговорить о карте.",Проблемы с картами,0,Проверка состояния карты. Определение причин блокировки. - Используй функцию <getBlockReason>. Сбор необходимых данных для разблокировки. - Функция <collectUserData>. Принятие решения о снятии блокировки. - Выполни функцию <reviewRequest>. Уведомление клиента о статусе разблокировки. - Используй функцию <notifyClient>.,"[""getBlockReason"", ""collectUserData"", ""reviewRequest"", ""notifyClient""]"
Информация о последних транзакциях,"Запрос пользователя связан с одной из перечисленных тем:
1) последние банковские операции
2) информация о транзакциях",Как дела у банка? Я тут думал про проценты по вкладам.,Транзакции,0,Проверка идентификации клиента. Получение списка транзакций. - Используй функцию <getTransactionList()>. Фильтрация транзакций по дате и категории. Проверка статуса каждой транзакции. - Используй функцию <checkTransactionStatus()>. Предоставление клиенту итогового отчета о транзакциях.,"[""getTransactionList()"", ""checkTransactionStatus()""]"
Информация о страховом полисе,"Запрос пользователя связан с одной из перечисленных тем:
1) уточнение условий страхования
2) проверка статуса полиса
3) изменение условий страхования",Почему у вас такие высокие ставки на кредиты?,Страхование,0,Проверка наличия полиса у клиента. Сбор информации о типе полиса. - Используй функцию <getPolicyType()>. Предоставление деталей о покрытии. - Используй функцию <getCoverageDetails()>. Определение сроков действия полиса. Выяснение условий продления. - Используй функцию <getRenewalConditions()>.,"[""getPolicyType()"", ""getCoverageDetails()"", ""getRenewalConditions()""]"
Консультация по инвестиционным продуктам,Запрос пользователя связан с одной из перечисленных тем: 1) инвестиции в акции 2) накопительные счета,Какой у вас самый высокий процент по вкладам?,Инвестиции,0,Анализ финансовых целей клиента. Выбор подходящих инвестиционных инструментов. - Используй функцию <suggest_investment_options>. Оценка рисков и доходности. - Функция <calculate_risk_and_return>. Оформление инвестиционного предложения.,"[""suggest_investment_options"", ""calculate_risk_and_return""]"
Изменение условий кредитного договора,"Запрос пользователя связан с одной из перечисленных тем:
1) изменение срока кредита
2) пересмотр процентной ставки
3) досрочное погашение кредита","Хотелось бы изменить свой кредит, можем поговорить?",Кредитование,1,"Проверка текущих условий кредитного договора. Оценка финансовой ситуации клиента. - Используй функцию <analyze_financial_status>. Предложение новых условий, основанных на запросе клиента. - Функция <suggest_new_terms>. Согласование новых условий с клиентом. Оформление изменений в договоре. - Используй функцию <update_contract>.","[""analyze_financial_status"", ""suggest_new_terms"", ""update_contract""]"
Информация о мобильном банкинге,"Запрос пользователя связан с одной из перечисленных тем:
1) использование мобильного приложения
2) функции мобильного банкинга","Что-то новое с вашим мобильным банкингом? Я слышал, что теперь можно что-то там делать.",Мобильный банкинг,1,Проверка доступности мобильного банкинга для клиента. Объяснение преимуществ использования мобильного приложения. - Используй функцию <get_app_benefits>. Инструкции по скачиванию и установке приложения. - Функция <provide_installation_guide>. Помощь в настройке безопасности для мобильного банкинга. - Используй функцию <setup_security_features>. Ответы на часто задаваемые вопросы о мобильном банкинге.,"[""get_app_benefits"", ""provide_installation_guide"", ""setup_security_features""]"
Проверка активности на счете,"Запрос пользователя связан с одной из перечисленных тем:
1) подозрительная транзакция
2) уведомление о необычной активности","Дайте мне информацию о моем кредите, интересно, что у вас там.",Безопасность счета,0,Получение информации о последних транзакциях. Анализ подозрительных операций. - Используй функцию <анализ_транзакций> Сравнение с историей операций клиента. Уведомление клиента о подозрительной активности. - Функция <отправка_уведомления> Предложение блокировки счета на время расследования.,"[""\u0430\u043d\u0430\u043b\u0438\u0437_\u0442\u0440\u0430\u043d\u0437\u0430\u043a\u0446\u0438\u0439"", ""\u043e\u0442\u043f\u0440\u0430\u0432\u043a\u0430_\u0443\u0432\u0435\u0434\u043e\u043c\u043b\u0435\u043d\u0438\u044f""]"
Восстановление доступа к карте,"Запрос пользователя связан с одной из перечисленных тем:
1) блокировка карты
2) необходимость разблокировки карты","Я не могу использовать свою карту, она заблокирована. Что делать?",Проблемы с картами,1,Идентификация клиента и сбор информации о заблокированной карте. Проверка статуса карты. - Используй функцию <check_card_status> Подтверждение личности клиента через дополнительные вопросы. Снятие блокировки карты. - Функция <unlock_card> Уведомление клиента о восстановлении доступа и рекомендации по безопасности.,"[""check_card_status"", ""unlock_card""]"
Информация о транзакциях,"Запрос пользователя связан с одной из перечисленных тем:
1) информация о последних транзакциях
2) уточнение о проводимой транзакции
3) получение выписки по счету",Какой у вас курс доллара на сегодня?,Транзакции,0,"Идентификация пользователя. Запрос истории транзакций за последний месяц. - Используй функцию <getTransactionHistory()>. Фильтрация транзакций по типу (покупки, переводы и т.д.). - Применить функцию <filterTransactions()>. Проверка статуса крупных транзакций. - Используй функцию <checkLargeTransactionStatus()>. Вывод итогов и рекомендаций по дальнейшим действиям.","[""getTransactionHistory()"", ""filterTransactions()"", ""checkLargeTransactionStatus()""]"
Информация о страховании имущества,"Запрос пользователя связан с одной из перечисленных тем:
1) страхование жилья
2) страхование автотранспорта","Расскажи, как можно застраховать авто?",Страхование,1,"Получение общей информации о страховых полисах. Определение типов страхования. - Используй функцию <getInsuranceTypes()>. Оценка рисков, связанных со страхованием имущества. - Функция <assessRisk()>. Подбор условий страхования, соответствующих требованиям клиента. Оформление запроса на получение подробной информации о полисах.","[""getInsuranceTypes()"", ""assessRisk()""]"
Консультация по инвестициям,"Запрос пользователя связан с одной из перечисленных тем:
1) инвестиции в акции
2) диверсификация активов
3) выбор инвестиционных фондов","Мне нужно снять деньги с депозита, как это сделать?",Инвестиции,0,Оценка финансового положения клиента. Выбор подходящих инвестиционных инструментов. - Используй функцию <предложить_инструменты>. Обсуждение рисков и доходностей. - Функция <анализ_рисков>. Заключение соглашения о консультации.,"[""\u043f\u0440\u0435\u0434\u043b\u043e\u0436\u0438\u0442\u044c_\u0438\u043d\u0441\u0442\u0440\u0443\u043c\u0435\u043d\u0442\u044b"", ""\u0430\u043d\u0430\u043b\u0438\u0437_\u0440\u0438\u0441\u043a\u043e\u0432""]"
Обработка заявки на кредит,"Запрос пользователя связан с одной из перечисленных тем:
1) подача заявки на кредит
2) уточнение условий кредита",Какой у вас курс доллара сегодня?,Кредитование,0,Проверка данных клиента. Оценка кредитоспособности. - Используй функцию <calculateCreditScore()>. Проверка необходимости дополнительных документов. Определение условий кредита. - Предложи варианты с использованием функции <offerLoanTerms()>. Согласование условий и подписание договора.,"[""calculateCreditScore"", ""offerLoanTerms""]"
Блокировка доступа к мобильному банку,"Запрос пользователя связан с одной из перечисленных тем:
1) блокировка доступа к мобильному приложению
2) проблемы с входом в мобильный банк","У меня заблокировался мобильный банк, не могу войти!",Мобильный банкинг,1,Проверка идентификационной информации клиента. Анализ текущей активности на счету. - Используй функцию <checkAccountActivity>. Определение причины блокировки. - Функция <logBlockReason>. Обработка запроса на блокировку. - Используй функцию <processBlockRequest>. Подтверждение успешной блокировки и информирование клиента.,"[""checkAccountActivity"", ""logBlockReason"", ""processBlockRequest""]"
Обработка подозрительной активности на счете,"Запрос пользователя связан с одной из перечисленных тем:
1) подозрительные транзакции
2) уведомления о несанкционированных списаниях","Я заметил списание с моего счета, и это явно ошибка!",Безопасность счета,1,Проверка транзакций на предмет подозрительной активности. Сравнение с историей операций клиента. - Используй функцию <compare_transactions()> Определение уровня риска и необходимость блокировки. - Функция <assess_risk()>. Уведомление клиента о выявленной активности. - Используй функцию <send_alert()>.,"[""compare_transactions()"", ""assess_risk()"", ""send_alert()""]"
Блокировка карты при подозрительных транзакциях,"Запрос пользователя связан с одной из перечисленных тем:
1) подозрительные транзакции
2) несанкционированные списания",Сколько стоит открыть новый счет в вашем банке?,Проблемы с картами,0,Проверка недавних транзакций клиента. Анализ подозрительных транзакций. - Используй функцию <анализ_транзакций>. Сообщение клиенту о блокировке карты. - Функция <уведомление_клиента>. Определение возможности разблокировки карты. - Используй функцию <оценка_рисков>. Предложение альтернативных способов оплаты в случае блокировки.,"[""\u0430\u043d\u0430\u043b\u0438\u0437_\u0442\u0440\u0430\u043d\u0437\u0430\u043a\u0446\u0438\u0439"", ""\u0443\u0432\u0435\u0434\u043e\u043c\u043b\u0435\u043d\u0438\u0435_\u043a\u043b\u0438\u0435\u043d\u0442\u0430"", ""\u043e\u0446\u0435\u043d\u043a\u0430_\u0440\u0438\u0441\u043a\u043e\u0432""]"
Проверка статуса транзакции,"Запрос пользователя связан с одной из перечисленных тем:
1) проверка статуса перевода
2) вопрос о времени обработки транзакции","Я хочу узнать, где мой перевод на 5000 рублей, который я отправил вчера.",Транзакции,1,Идентификация клиента по номеру счета. Получение информации о транзакции. Проверка статуса транзакции. - Используй функцию <getTransactionStatus()>. Уточнение деталей о дате и времени транзакции. Предоставление клиенту информации о результате проверки.,"[""getTransactionStatus()""]"
Оформление страхования автомобиля,"Запрос пользователя связан с одной из перечисленных тем:
1) страхование автомобиля
2) уточнение условий страхового полиса",Как открыть депозит в вашем банке?,Страхование,0,Сбор информации о автомобиле. Проверка данных клиента. Определение типов страхования. - Используй функцию <предложить_варианты_страхования>. Расчет стоимости страхования. - Функция <рассчитать_стоимость>. Оформление полиса страхования.,"[""\u043f\u0440\u0435\u0434\u043b\u043e\u0436\u0438\u0442\u044c_\u0432\u0430\u0440\u0438\u0430\u043d\u0442\u044b_\u0441\u0442\u0440\u0430\u0445\u043e\u0432\u0430\u043d\u0438\u044f"", ""\u0440\u0430\u0441\u0441\u0447\u0438\u0442\u0430\u0442\u044c_\u0441\u0442\u043e\u0438\u043c\u043e\u0441\u0442\u044c""]"
Консультация по инвестициям в криптовалюту,"Запрос пользователя связан с одной из перечисленных тем:
1) инвестиции в криптовалюту
2) открытие крипто-счета",Как открыть обычный инвестиционный счет без всяких крипто?,Инвестиции,0,Сбор информации о текущих инвестиционных предпочтениях клиента. Анализ рынка криптовалют. - Используй функцию <анализ_рынка>. Рекомендация наиболее перспективных криптоактивов. - Предложи варианты с использованием функции <подбор_активов>. Оценка рисков и возможностей. - Функция <оценка_рисков>. Подготовка плана дальнейших действий по инвестициям. - Используй функцию <создание_плана>.,"[""\u0430\u043d\u0430\u043b\u0438\u0437_\u0440\u044b\u043d\u043a\u0430"", ""\u043f\u043e\u0434\u0431\u043e\u0440_\u0430\u043a\u0442\u0438\u0432\u043e\u0432"", ""\u043e\u0446\u0435\u043d\u043a\u0430_\u0440\u0438\u0441\u043a\u043e\u0432"", ""\u0441\u043e\u0437\u0434\u0430\u043d\u0438\u0435_\u043f\u043b\u0430\u043d\u0430""]"
Изменение условий кредита,"Запрос пользователя связан с изменением условий существующего кредита, например, снижение процентной ставки.
Запрос пользователя связан с изменением срока кредита или графика платежей.","Не знаю, сколько у меня кредита, но мне нужно купить что-то большое.",Кредитование,0,Проверка данных клиента. Анализ текущих условий кредита. - Используй функцию <get_current_loan_terms()> Предложение новых условий. - Подготовь варианты с использованием функции <generate_new_terms()>. Согласование новых условий. - Функция <confirm_terms_agreement()>. Завершение процесса изменения условий. - Используй функцию <finalize_loan_terms_change()>.,"[""get_current_loan_terms()"", ""generate_new_terms()"", ""confirm_terms_agreement()"", ""finalize_loan_terms_change()""]"
Восстановление доступа к мобильному банкингу,"Пользователь забыл пароль к мобильному приложению
Пользователь заблокировал доступ к мобильному банкингу",Какой у вас номер телефона для связи?,Мобильный банкинг,0,Проверка личности клиента. Отправка кода подтверждения на зарегистрированный номер телефона. - Используй функцию <sendVerificationCode()>. Сопоставление введенного кода с базой данных. - Функция <verifyCode()>. Сброс пароля и отправка нового пароля на электронную почту. Подтверждение восстановления доступа и предоставление инструкций по входу.,"[""sendVerificationCode()"", ""verifyCode()""]"
Увеличение лимита безопасности на счете,"Запрос пользователя связан с одной из перечисленных тем:
1) изменение условий безопасности
2) запрос на настройку уведомлений о транзакциях",Какой у вас курс доллара на сегодня?,Безопасность счета,0,Запрос информации о текущем лимите безопасности. Проверка истории транзакций клиента. - Используй функцию <checkTransactionHistory()> Оценка финансового состояния клиента. - Функция <evaluateFinancialStatus()>. Предложение нового лимита безопасности. - Используй функцию <suggestNewLimit()>. Подтверждение изменения лимита безопасности.,"[""checkTransactionHistory()"", ""evaluateFinancialStatus()"", ""suggestNewLimit()""]"
Восстановление заблокированной карты,"Запрос пользователя связан с одной из перечисленных тем:
1) блокировка карты
2) восстановление доступа к карте","Не подскажете, где можно взять кредит?",Проблемы с картами,0,Определение причин блокировки карты. Сбор информации о владельце карты. Проверка безопасности учетной записи. - Используй функцию <verify_account_security> Подготовка запроса на восстановление. - Предложи варианты с использованием функции <generate_recovery_options>. Уведомление клиента о статусе восстановления.,"[""verify_account_security"", ""generate_recovery_options""]"
Отмена транзакции,"Запрос пользователя связан с одной из перечисленных тем:
1) отмена недавней транзакции
2) ошибочный перевод","Надо отменить ту транзакцию, что была 28 число, там с деньгами не то вышло.",Транзакции,1,Проверка идентификации клиента. Верификация статуса запрашиваемой транзакции. - Используй функцию <verify_transaction_status> Определение причин отмены транзакции. - Функция <log_cancellation_reason>. Обработка запроса на отмену. - Используй функцию <process_cancellation_request>.,"[""verify_transaction_status"", ""log_cancellation_reason"", ""process_cancellation_request""]"
Информация о страховом полисе,"Запрос пользователя связан с одной из перечисленных тем:
1) информация о страховом полисе
2) необходимость изменения условий страхования",Я хотел бы узнать о своем страховом полисе.,Страхование,1,Проверка идентификации клиента. Получение информации о текущих полисах. - Используй функцию <getCurrentPolicies> Запрос деталей выбранного полиса. Обработка запросов на изменения условий полиса. - Функция <processPolicyChanges> Предоставление информации о сроках и выплатах.,"[""getCurrentPolicies"", ""processPolicyChanges""]"
Информация об инвестиционных продуктах,"Запрос пользователя связан с одной из перечисленных тем:
1) инвестиционные фонды
2) акции
3) облигации","Я хочу узнать, сколько у вас процентов по вкладам.",Инвестиции,0,Проверка доступных инвестиционных продуктов. Представление краткой информации о каждом продукте. Определение инвестиционных целей клиента. - Используй функцию <анализ_инвестиционных_целей> Сравнение рисков и доходностей различных продуктов. Предложение персонализированных рекомендаций. - Функция <предложение_инвестиционных_планов>.,"[""\u0430\u043d\u0430\u043b\u0438\u0437_\u0438\u043d\u0432\u0435\u0441\u0442\u0438\u0446\u0438\u043e\u043d\u043d\u044b\u0445_\u0446\u0435\u043b\u0435\u0439"", ""\u043f\u0440\u0435\u0434\u043b\u043e\u0436\u0435\u043d\u0438\u0435_\u0438\u043d\u0432\u0435\u0441\u0442\u0438\u0446\u0438\u043e\u043d\u043d\u044b\u0445_\u043f\u043b\u0430\u043d\u043e\u0432""]"
Изменение условий кредита,"Запрос пользователя связан с одной из перечисленных тем:
1) изменения процентной ставки
2) изменение срока кредита
3) рефинансирование кредита","Расскажите, как оформить вклад на высокую ставку.",Кредитование,0,Проверка данных клиента. Анализ текущих условий кредита. - Используй функцию <analyze_current_loan_conditions()> Определение возможных новых условий. - Предложи варианты с использованием функции <propose_new_loan_terms()>. Согласование новых условий кредита. Оформление изменения условий кредита. - Используй функцию <update_loan_conditions()>.,"[""analyze_current_loan_conditions"", ""propose_new_loan_terms"", ""update_loan_conditions""]"
Изменение лимитов операций,"Запрос пользователя связан с одной из перечисленных тем: 1) изменение лимитов, 2) лимиты по переводам или платежам","Почему именно так?! Я просто хочу по телефону узнать, когда мой кредит?",Мобильный банкинг,0,Проверка текущих лимитов операций. Сбор информации о необходимых изменениях. Анализ риска на основе новых лимитов. - Используй функцию <analyzeRisk>. Согласование новых лимитов с клиентом. Обновление лимитов в системе. - Используй функцию <updateLimits>.,"[""analyzeRisk"", ""updateLimits""]"
Проверка активности счета на подозрительные транзакции,"Запрос пользователя связан с одной из перечисленных тем:
1) подозрительная транзакция
2) необходимость проверить степень безопасности счета","Я заметил странную транзакцию на моем счете, хотите узнать, что это?",Безопасность счета,1,Анализ последних транзакций клиента. Проверка на соответствие транзакций обычному поведению клиента. - Используй функцию <compare_transactions>. Идентификация подозрительных транзакций. - Используй функцию <flag_suspicious_transactions>. Подготовка отчета о транзакциях для дальнейшего анализа.,"[""compare_transactions"", ""flag_suspicious_transactions""]"
Проблемы с блокировкой карты,"Запрос пользователя связан с одной из перечисленных тем:
1) блокировка карты
2) запрос на разблокировку карты",У вас есть какие-нибудь акции на кредиты?,Проблемы с картами,0,Определение причины блокировки карты. Проверка идентификационной информации клиента. - Используй функцию <validateClientInfo> Проверка статуса карты в системе. - Используй функцию <checkCardStatus> Предоставление рекомендаций по разблокировке карты.,"[""validateClientInfo"", ""checkCardStatus""]"
Информация о последней транзакции,Запрос пользователя связан с одной из перечисленных тем: 1) последняя транзакция 2) история операций,"Я хочу знать, какая последняя транзакция была с моей карты.",Транзакции,1,Запрос данных о последней транзакции клиента. Проверка статуса транзакции. - Используй функцию <checkTransactionStatus>. Отправка информации о транзакции клиенту. Формирование отчета о расходах на основе последней транзакции.,"[""checkTransactionStatus""]"
Информация о страховом полисе,"Запрос пользователя связан с одной из перечисленных тем:
1) информация о действующем страховом полисе
2) изменение условий страхования","Скажите, как узнать, сколько денег я могу снять с банкомата?",Страхование,0,Проверка наличия полиса клиента. Получение информации о покрытии. - Используй функцию <getCoverageDetails>. Проверка сроков действия полиса. - Используй функцию <checkPolicyValidity>. Сообщение о возможных изменениях в условиях полиса.,"[""getCoverageDetails"", ""checkPolicyValidity""]"
Консультация по инвестиционным инструментам,"Запрос пользователя связан с одной из перечисленных тем:
1) выбор инвестиционных продуктов
2) анализ инвестиционных рисков
3) рекомендации по диверсификации портфеля",Чё там с инвестициями? Какие у вас есть варианты?,Инвестиции,1,Анализ инвестиционных целей клиента. Обсуждение различных типов инвестиционных инструментов. - Используй функцию <подбор_инструментов()> Оценка уровня риска. - Функция <анализ_риска()>. Предложение индивидуального инвестиционного портфеля. - Используй функцию <создание_портфеля()>. Заключение и подписание соглашения.,"[""\u043f\u043e\u0434\u0431\u043e\u0440_\u0438\u043d\u0441\u0442\u0440\u0443\u043c\u0435\u043d\u0442\u043e\u0432()"", ""\u0430\u043d\u0430\u043b\u0438\u0437_\u0440\u0438\u0441\u043a\u0430()"", ""\u0441\u043e\u0437\u0434\u0430\u043d\u0438\u0435_\u043f\u043e\u0440\u0442\u0444\u0435\u043b\u044f()""]"
Информация о кредитах на жилье,"Запрос пользователя связан с одной из перечисленных тем:
1) получение ипотечного кредита
2) условия по кредиту на жилье",Какой у вас курс доллара на сегодня? Я просто интересуюсь.,Кредитование,0,Сбор информации о недвижимости. Определение финансовых возможностей клиента. - Используй функцию <оценка кредитоспособности()> Вывод предложений по кредитным продуктам.,"[""\u043e\u0446\u0435\u043d\u043a\u0430 \u043a\u0440\u0435\u0434\u0438\u0442\u043e\u0441\u043f\u043e\u0441\u043e\u0431\u043d\u043e\u0441\u0442\u0438()""]"
Настройки уведомлений в мобильном банкинге,"Запрос пользователя связан с одной из перечисленных тем:
1) изменение настроек уведомлений
2) активация/деактивация уведомлений о транзакциях","Мне нужно узнать, как проверить баланс на счету.",Мобильный банкинг,0,Проверка текущих настроек уведомлений. Определение доступных типов уведомлений. - Используй функцию <get_notification_types>. Изменение параметров уведомлений по предпочтению клиента. - Функция <update_notification_preferences>. Подтверждение изменений и информирование клиента об обновлениях. - Функция <send_confirmation>.,"[""get_notification_types"", ""update_notification_preferences"", ""send_confirmation""]"
Проверка безопасности счета,"Запрос пользователя связан с одной из перечисленных тем:
1) подозрительные транзакции
2) несанкционированный доступ к счету",Что у вас по курсам валют? Надо обменять немного денег.,Безопасность счета,0,Проверка идентификационной информации клиента. Анализ недавней активности на счете. - Используй функцию <analyzeAccountActivity>. Сравнение с данными о местоположении. - Применить функцию <verifyLocation>. Запрос на подтверждение личности через SMS или email. - Функция <sendVerificationCode>. Завершение проверки безопасности. - Используй функцию <finalizeSecurityCheck>.,"[""analyzeAccountActivity"", ""verifyLocation"", ""sendVerificationCode"", ""finalizeSecurityCheck""]"
Блокировка карты,"Запрос пользователя связан с одной из перечисленных тем:
1) кража карты
2) блокировка карты","Я хочу узнать, какой у меня кредитный лимит.",Проблемы с картами,0,Проверка идентификационных данных клиента. Идентификация места и времени последнего использования карты. - Используй функцию <getLastTransactionDetails>. Подтверждение необходимости блокировки карты. - Функция <confirmCardBlock>. Осуществление блокировки карты. - Используй функцию <blockCard>. Информирование клиента о блокировке и следующем шаге.,"[""getLastTransactionDetails"", ""confirmCardBlock"", ""blockCard""]"
Проверка состояния транзакции,"Запрос пользователя связан с одной из перечисленных тем:
1) проверка статуса перевода
2) уточнение времени обработки транзакции",Сколько сейчас акций у банка?,Транзакции,0,Получение информации о транзакции. Проверка статуса транзакции - Используй функцию <getTransactionStatus()>. Уточнение деталей транзакции - Функция <fetchTransactionDetails()>. Информирование клиента о времени завершения - Используй функцию <estimateCompletionTime()>.,"[""getTransactionStatus()"", ""fetchTransactionDetails()"", ""estimateCompletionTime()""]"
Получение информации о страховании жилья,"Запрос пользователя связан с одной из перечисленных тем:
1) страхование жилья
2) условия страхования
3) подача заявления на страхованный случай",Какой у вас курс валюты на сегодня?,Страхование,0,Проверка данных о недвижимости. Оценка рисков и определение страховой суммы. - Используй функцию <оценка рисков>. Предложение различных полисов страхования. - Предложи варианты с использованием функции <предложение полисов>. Согласование условий страхования. - Функция <согласование условий>. Оформление договора страхования. - Используй функцию <оформление договора>.,"[""\u043e\u0446\u0435\u043d\u043a\u0430 \u0440\u0438\u0441\u043a\u043e\u0432"", ""\u043f\u0440\u0435\u0434\u043b\u043e\u0436\u0435\u043d\u0438\u0435 \u043f\u043e\u043b\u0438\u0441\u043e\u0432"", ""\u0441\u043e\u0433\u043b\u0430\u0441\u043e\u0432\u0430\u043d\u0438\u0435 \u0443\u0441\u043b\u043e\u0432\u0438\u0439"", ""\u043e\u0444\u043e\u0440\u043c\u043b\u0435\u043d\u0438\u0435 \u0434\u043e\u0433\u043e\u0432\u043e\u0440\u0430""]"
Консультация по инвестиционным продуктам,"Запрос пользователя связан с одной из перечисленных тем:
1) инвестиционные фонды
2) акции на фондовом рынке
3) облигации и долговые инструменты",Сколько стоит билет на самолет в Москву?,Инвестиции,0,Выявление потребностей клиента. Представление доступных инвестиционных продуктов. - Используй функцию <fetchInvestmentOptions>. Объяснение рисков и возможностей. - Функция <provideRiskDetails>. Сбор информации о предпочтениях клиента. Подготовка персонализированных рекомендаций.,"[""fetchInvestmentOptions"", ""provideRiskDetails""]"
Увеличение кредитного лимита,"Запрос пользователя связан с одной из перечисленных тем:
1) увеличение кредитного лимита
2) изменение условий кредита",Почему у вас такие высокие проценты по кредитам?,Кредитование,0,Проверка текущего кредитного лимита. Анализ финансовой истории клиента. - Используй функцию <analyzeCreditHistory()> Оценка платежеспособности. - Предложи варианты с использованием функции <evaluateAffordability()>. Согласование нового лимита. - Функция <agreeNewLimit()>. Оформление изменений в кредитном соглашении. - Используй функцию <processLimitIncrease()>.,"[""analyzeCreditHistory()"", ""evaluateAffordability()"", ""agreeNewLimit()"", ""processLimitIncrease()""]"
Информация о лимите на мобильные переводы,"Запрос пользователя связан с одной из перечисленных тем:
1) лимиты перевода
2) правила использования мобильного банкинга",Почему у вас такие высокие проценты по кредитам? Это же не нормально.,Мобильный банкинг,0,Получение идентификатора клиента. Проверка текущего лимита на мобильные переводы. - Используй функцию <getMobileTransferLimit>. Определение доступного лимита на основе статуса аккаунта. - Функция <calculateAvailableLimit>. Информирование клиента о лимите и возможных изменениях. - Используй функцию <notifyLimitChanges>.,"[""getMobileTransferLimit"", ""calculateAvailableLimit"", ""notifyLimitChanges""]"
Подтверждение транзакций,"Запрос пользователя связан с одной из перечисленных тем:
1) подозрительная транзакция
2) уведомление о несанкционированном списании","Там в списаниях какие-то странные вещи, может, это ошибочно?",Безопасность счета,1,Обнаружение подозрительных транзакций. Проверка идентификационных данных клиента. - Используй функцию <check_client_identity>. Запрос дополнительной информации о транзакции. - Функция <request_transaction_details>. Сравнение с предыдущими транзакциями. - Используй функцию <compare_transactions>. Подтверждение подлинности транзакции клиентом.,"[""check_client_identity"", ""request_transaction_details"", ""compare_transactions""]"
Восстановление доступа к счету,"Запрос пользователя связан с одной из перечисленных тем:
1) потеря карты
2) временная блокировка карты","У меня проблемы с доступом к счету, где моя карта?",Проблемы с картами,0,Проверка идентификационных данных клиента. Установление причины блокировки доступа. Проверка статуса потерянной карты. - Используй функцию <checkLostCardStatus()>. Инициирование процедуры восстановления доступа. - Функция <initiateAccessRecovery()>.,"[""checkLostCardStatus()"", ""initiateAccessRecovery()""]"
Возврат несанкционированной транзакции,"Запрос пользователя связан с одной из перечисленных тем:
1) несанкционированные списания
2) подозрительная транзакция",Разве у вас не было каких-то акций на кредиты?,Транзакции,0,Идентификация пользователя. Проверка статуса транзакции. - Используй функцию <checkTransactionStatus> Сбор информации о причинах возврата. Обработка запроса на возврат. - Функция <processRefundRequest> Подтверждение возврата и уведомление клиента.,"[""checkTransactionStatus"", ""processRefundRequest""]"
Получение информации о страховом полисе,"Запрос пользователя связан с одной из перечисленных тем:
1) проверка статуса полиса
2) изменение условий страхования",Как дела с моим страховочным документом?,Страхование,0,Проверка наличия страхового полиса. Получение деталей полиса. - Используй функцию <getPolicyDetails()> Определение статуса полиса. - Функция <checkPolicyStatus()>. Выявление сроков действия полиса. - Используй функцию <getPolicyDuration()>. Предоставление информации о выплатах. - Функция <getPayoutInfo()>.,"[""getPolicyDetails()"", ""checkPolicyStatus()"", ""getPolicyDuration()"", ""getPayoutInfo()""]"
Консультация по инвестиционным фондам,"Запрос пользователя связан с одной из перечисленных тем:
1) выбор инвестиционного фонда
2) анализ рисков инвестиций
3) изменение портфеля инвестиций","Напомните, как открыть расчетный счет в вашем банке?",Инвестиции,0,Проверка инвестиционных целей клиента. Оценка текущего портфеля. - Используй функцию <оценка_портфеля()>. Предоставление информации о различных фондах. - Функция <предложение_фондов()>. Обсуждение рисков и доходностей. - Используй функцию <анализ_рисков()>. Рекомендация оптимальных фондов для инвестирования.,"[""\u043e\u0446\u0435\u043d\u043a\u0430_\u043f\u043e\u0440\u0442\u0444\u0435\u043b\u044f()"", ""\u043f\u0440\u0435\u0434\u043b\u043e\u0436\u0435\u043d\u0438\u0435_\u0444\u043e\u043d\u0434\u043e\u0432()"", ""\u0430\u043d\u0430\u043b\u0438\u0437_\u0440\u0438\u0441\u043a\u043e\u0432()""]"
Получение предодобренного кредита,"Запрос пользователя связан с одной из перечисленных тем:
1) получение кредита
2) предварительное одобрение кредита",Почему ваш банк такой медленный? Я жду ответа на заявку на кредит!,Кредитование,1,Проверка кредитоспособности клиента. Анализ текущих финансовых обязательств. - Используй функцию <analyze_financial_obligations()>. Определение суммы и сроков кредита. - Предложи варианты с использованием функции <offer_credit_options()>. Согласование условий кредита. - Функция <confirm_credit_terms()>.,"[""analyze_financial_obligations()"", ""offer_credit_options()"", ""confirm_credit_terms()""]"
Восстановление доступа к мобильному банкингу,"Пользователь не может войти в мобильное приложение банка.
Пользователь забыл свой пароль от мобильного банкинга.","Я хочу узнать, где ближайший банкомат, не могу зайти в приложение!",Мобильный банкинг,0,Проверка идентификационных данных клиента. Подтверждение личности через SMS-верификацию. - Используй функцию <send_sms_verification>. Предоставление информации о дальнейших действиях для восстановления доступа. Блокировка предыдущего доступа для безопасности. - Функция <block_previous_access>. Создание нового пароля и подтверждение его.,"[""send_sms_verification"", ""block_previous_access""]"
Проверка безопасности счета,"Запрос пользователя связан с одной из перечисленных тем:
1) подозрительная активность на счете
2) необъяснимые списания средств","Какой у меня баланс на счету? Я хочу проверить, достаточно ли у меня средств.",Безопасность счета,0,Идентификация клиента. Проверка последних транзакций. - Используй функцию <get_recent_transactions()> Верификация источника доступа. - Функция <verify_access_source()>. Оценка подозрительных действий. Сообщение о результатах проверки.,"[""get_recent_transactions()"", ""verify_access_source()""]"
Блокировка карты при подозрительных транзакциях,"Запрос пользователя связан с одной из перечисленных тем:
1) подозрительные транзакции
2) блокировка карты","Я заметил, что на моей карте есть транзакции, которых я не делал, она заблокирована.",Проблемы с картами,1,Проверка активности по счету. Идентификация подозрительных транзакций. - Используй функцию <find_suspicious_transactions>. Извещение пользователя о блокировке карты. - Функция <send_notification>. Проверка безопасности учетной записи. - Используй функцию <verify_account_security>.,"[""find_suspicious_transactions"", ""send_notification"", ""verify_account_security""]"
Информация о транзакциях,Запрос пользователя связан с одной из перечисленных тем: 1) история транзакций 2) отмена транзакции,Как я могу оплатить свой долг в этом месяце?,Транзакции,0,Проверка идентификации клиента. Получение списка последних транзакций. - Используй функцию <getRecentTransactions> Выявление типов транзакций по категориям. - Функция <categorizeTransactions> Обработка запросов на детальную информацию по отдельным транзакциям. Подготовка отчета о транзакциях за указанный период.,"[""getRecentTransactions"", ""categorizeTransactions""]"
Информация о страховании жизни,"Запрос пользователя связан с одной из перечисленных тем:
1) страхование жизни
2) условия страхования
3) консультация по страховым полисам","Сколько у вас стоит обычная страховка, и как мне её оформить?",Страхование,0,Сбор основных данных клиента. Проверка доступных полисов страхования жизни. - Используй функцию <getAvailablePolicies>. Объяснение преимуществ каждого полиса. - Функция <explainPolicyBenefits>. Калькуляция страхового взноса на основе введенных данных. - Функция <calculatePremium>. Оформление заявки на страхование. - Используй функцию <initiateApplication>.,"[""getAvailablePolicies"", ""explainPolicyBenefits"", ""calculatePremium"", ""initiateApplication""]"
Консультация по инвестиционным стратегиям,"Запрос пользователя связан с одной из перечисленных тем:
1) инвестиции в акции
2) инвестирование в недвижимость
3) выбор инвестиционного фонда",Почему у вас такая высокая процентная ставка по кредитам?,Инвестиции,0,Оценка финансовых целей клиента. Анализ текущего инвестиционного портфеля. - Используй функцию <evaluatePortfolio()>. Предложение различных инвестиционных стратегий. - Предложи варианты с использованием функции <suggestInvestmentStrategies()>. Обсуждение рисков и потенциальной прибыли. Подготовка индивидуального инвестиционного плана. - Используй функцию <createInvestmentPlan()>.,"[""evaluatePortfolio()"", ""suggestInvestmentStrategies()"", ""createInvestmentPlan()""]"
Информация о кредитных предложениях,"Запрос пользователя связан с одной из перечисленных тем:
1) условия кредитования
2) процентные ставки по кредитам
3) возможность увеличить кредитный лимит","Мне нужно узнать, какие у вас сейчас условия по потребительским кредитам.",Кредитование,1,Проверка кредитной истории клиента. Определение доступных кредитных продуктов. - Используй функцию <getAvailableCreditProducts>. Сравнение условий по кредитам. - Функция <compareLoanTerms>. Подготовка индивидуального предложения. - Используй функцию <generateCustomOffer>. Консультация по вопросам документации.,"[""getAvailableCreditProducts"", ""compareLoanTerms"", ""generateCustomOffer""]"
Информация о тарифах на мобильный банкинг,"Запрос пользователя связан с одной из перечисленных тем:
1) тарифы на услуги мобильного банкинга
2) информация о комиссиях за переводы",Каковы комиссии за переводы через мобильное приложение?,Мобильный банкинг,1,Проверка доступных тарифов на мобильный банкинг. Сравнение тарифов по категориям услуг. - Используй функцию <сравнениеТарифов>. Выявление актуальных акций и предложений для клиентов. Предоставление рекомендаций по выбору наиболее выгодного тарифа.,"[""\u0441\u0440\u0430\u0432\u043d\u0435\u043d\u0438\u0435\u0422\u0430\u0440\u0438\u0444\u043e\u0432""]"
Предупреждение о подозрительных операциях,"Запрос пользователя связан с одной из перечисленных тем:
1) подозрительные транзакции
2) необходимость блокировки счета","Компания XYZ должна была перевести деньги, но не сделала этого.",Безопасность счета,0,Проверка транзакций клиента. Идентификация подозрительных операций. - Используй функцию <checkSuspiciousTransactions> Оповещение клиента о подозрительных операциях. Сбор информации для дальнейшего расследования. - Используй функцию <gatherInvestigationData>.,"[""checkSuspiciousTransactions"", ""gatherInvestigationData""]"
Восстановление доступа к банковской карте,"Запрос пользователя связан с одной из перечисленных тем:
1) потеря карты
2) блокировка карты по запросу пользователя",Я хочу узнать баланс своего счета.,Проблемы с картами,0,Проверка идентификационной информации клиента. Подтверждение личности с помощью смс-кода. - Используй функцию <send_sms_verification>. Проверка статуса карты и активных транзакций. - Вызови функцию <check_card_status>. Предложение альтернативных способов восстановления доступа. Оформление нового доступа и предоставление инструкций.,"[""send_sms_verification"", ""check_card_status""]"
Проверка статуса транзакции,"Запрос пользователя связан с одной из перечисленных тем:
1) запрос о статусе конкретной транзакции
2) уточнение деталей недавней операции","Я хочу узнать, что стало с моей транзакцией, номер которой 123456.",Транзакции,1,Идентификация клиента. Проверка деталей транзакции. - Используй функцию <getTransactionDetails()>. Верификация статуса транзакции. - Функция <verifyTransactionStatus()>. Информирование клиента о статусе. - Предложи варианты с использованием функции <provideStatusUpdate()>.,"[""getTransactionDetails()"", ""verifyTransactionStatus()"", ""provideStatusUpdate()""]"
Страхование автомобиля,"Запрос пользователя связан с одной из перечисленных тем:
1) страхование автомобиля
2) полис страхования
3) выплаты по страховке","У меня закончился срок страховки на машину, как его продлить?",Страхование,1,Сбор информации о клиенте и автомобиле. Оценка рисков и определение страховой суммы. - Используй функцию <calculateInsurancePremium>. Предложение подходящих страховых полисов. - Функция <generatePolicyOptions>. Согласование условий страхования. - Функция <confirmPolicyTerms>. Оформление страховки и выдача документов.,"[""calculateInsurancePremium"", ""generatePolicyOptions"", ""confirmPolicyTerms""]"
Консультация по инвестициям,"Запрос пользователя связан с одной из перечисленных тем:
1) инвестиционный портфель
2) консультация по акциям","Привет, я ищу банк для открытия счета, не знаю, что выбрать.",Инвестиции,0,Проверка инвестиционных целей клиента. Анализ риск-профиля. - Используй функцию <analyzeRiskProfile()>. Предложение вариантов инвестиционных инструментов. - Функция <suggestInvestmentOptions()>. Обсуждение сроков и ожиданий по доходности. - Функция <discussInvestmentTimeline()>.,"[""analyzeRiskProfile()"", ""suggestInvestmentOptions()"", ""discussInvestmentTimeline()""]"
Изменение условий кредита,"Запрос пользователя связан с одной из перечисленных тем:
1) изменение условий кредита
2) рефинансирование кредита","У меня возникли проблемы с интернет-банком, помогите!",Кредитование,0,Проверка текущих условий кредита. Оценка финансового положения клиента. - Используй функцию <financial_assessment>. Определение возможных новых условий кредита. - Предложи варианты с использованием функции <terms_offerer>. Согласование новых условий. - Функция <terms_agreement>.,"[""financial_assessment"", ""terms_offerer"", ""terms_agreement""]"
Восстановление доступа к мобильному банкингу,"Запрос пользователя связан с одной из перечисленных тем:
1) забыл пароль к мобильному банкингу
2) проблемы с входом в приложение","Не удается войти, какой пароль нужен? Я не помню.",Мобильный банкинг,1,Проверка данных клиента. Верификация личности. - Используй функцию <verify_identity> Подбор методов восстановления доступа. - Предложи варианты с использованием функции <provide_recovery_options> Согласование выбранных методов. - Функция <confirm_recovery_method>. Оформление восстановления доступа. - Используй функцию <finalize_access_recovery>.,"[""verify_identity"", ""provide_recovery_options"", ""confirm_recovery_method"", ""finalize_access_recovery""]"
Уведомление о подозрительных транзакциях,"Запрос пользователя связан с одной из перечисленных тем:
1) мини-отчет по последним транзакциям
2) вопросы о блокировке счета","В банкомате, наверное, что-то не так, могу ли я проверить баланс?",Безопасность счета,0,Получение информации о транзакциях клиента. Анализ транзакций на предмет подозрительной активности. - Используй функцию <анализТранзакций>. Отправка уведомления клиенту о подозрительных транзакциях. - Функция <отправитьУведомление>. Рекомендация клиенту проверить свои недавние операции. Запрос подтверждения о законности транзакций. - Используй функцию <подтвердитьТранзакцию>.,"[""\u0430\u043d\u0430\u043b\u0438\u0437\u0422\u0440\u0430\u043d\u0437\u0430\u043a\u0446\u0438\u0439"", ""\u043e\u0442\u043f\u0440\u0430\u0432\u0438\u0442\u044c\u0423\u0432\u0435\u0434\u043e\u043c\u043b\u0435\u043d\u0438\u0435"", ""\u043f\u043e\u0434\u0442\u0432\u0435\u0440\u0434\u0438\u0442\u044c\u0422\u0440\u0430\u043d\u0437\u0430\u043a\u0446\u0438\u044e""]"
Восстановление доступа к карте,"Запрос пользователя связан с одной из перечисленных тем:
1) блокировка карты
2) восстановление доступа к карте","Я по ошибке заблокировал свою карту, как мне её вернуть?",Проблемы с картами,1,Проверка статуса блокировки карты. Подтверждение личности клиента. - Используй функцию <> Предложение методов восстановления доступа. - Предложи варианты с использованием функции <>. Согласование нового пароля или PIN-кода. Оформление запроса на восстановление доступа. - Используй функцию <>.,"[""check_card_status"", ""verify_identity"", ""offer_recovery_methods""]"
Проверка статуса транзакции,"Запрос пользователя связан с одной из перечисленных тем:
1) проверка статуса перевода
2) сверка данных о недавней транзакции",Почему вам важно знать о моем балансе?,Транзакции,0,Сбор информации о транзакции. Проверка статуса транзакции. - Используй функцию <checkTransactionStatus>. Предоставление информации о времени обработки. - Функция <getProcessingTime>. Информирование клиента о возможных задержках. - Функция <notifyDelay>.,"[""checkTransactionStatus"", ""getProcessingTime"", ""notifyDelay""]"
Получение информации о страховом полисе,"Запрос пользователя связан с одной из перечисленных тем:
1) актуальность полиса
2) условия страхования","Вы можете сказать, сколько у меня денег на счете?",Страхование,0,Идентификация клиента. Проверка активных полисов. - Используй функцию <getActivePolicies()>. Предоставление информации о покрытии и условиях. - Функция <getPolicyDetails()>. Ответ на вопрос клиента о возможных изменениях в полисе. Информирование о сроках действия и возможностях продления.,"[""getActivePolicies()"", ""getPolicyDetails()""]"
Консультация по инвестициям в акции,"Запрос пользователя связан с одной из перечисленных тем:
1) покупка акций
2) советы по инвестициям
3) информация о фондовом рынке",Как мне купить акции Tesla?,Инвестиции,1,Проверка инвестиционных целей клиента. Анализ рисковых предпочтений клиента. - Используй функцию <analyzeRiskProfile()>. Предоставление информации о доступных акциях. - Функция <getAvailableStocks()>. Составление индивидуального инвестиционного плана. - Используй функцию <createInvestmentPlan()>.,"[""analyzeRiskProfile()"", ""getAvailableStocks()"", ""createInvestmentPlan()""]"
Информация о потребительском кредите,"Запрос пользователя связан с одной из перечисленных тем:
1) условия получения кредита
2) процентные ставки по кредитам","Мне нужно узнать, сколько стоит кредит.",Кредитование,1,Проверка кредитной истории клиента. Определение желаемой суммы кредита. - Используй функцию <calculateLoanAmount> Уточнение срока кредита. - Используй функцию <provideLoanTerms> Предложение процентных ставок. - Функция <offerInterestRates>. Сбор необходимых документов для оформления. - Используй функцию <listRequiredDocuments>,"[""calculateLoanAmount"", ""provideLoanTerms"", ""offerInterestRates"", ""listRequiredDocuments""]"
Информация о кредитном лимите,"Запрос пользователя связан с одной из перечисленных тем:
1) кредитные карты
2) кредитный лимит","Можно узнать, сколько денег на моем счете?",Мобильный банкинг,0,Проверка идентификационных данных клиента. Определение текущего кредитного лимита. - Используй функцию <getCreditLimit()>. Оценка кредитной истории клиента. - Функция <assessCreditHistory()>. Предложение обновленных условий кредитного лимита. - Используй функцию <offerNewLimitOptions()>.,"[""getCreditLimit()"", ""assessCreditHistory()"", ""offerNewLimitOptions()""]"
Обработка подозрительных транзакций,"Запрос пользователя связан с одной из перечисленных тем:
1) подозрительная транзакция
2) уведомление о подозрительной активности на счете","Я заметил, что на моем счете есть какая-то странная транзакция на сумму 5000 рублей, что это может быть?",Безопасность счета,1,Идентификация транзакции для анализа. Сравнение транзакции с историей клиента. - Используй функцию <compareTransactionHistory>. Оценка риска транзакции. - Используй функцию <assessTransactionRisk>. Принятие решения о блокировке или одобрении транзакции. Уведомление клиента о статусе транзакции.,"[""compareTransactionHistory"", ""assessTransactionRisk""]"
Блокировка банковской карты,"Запрос пользователя связан с одной из перечисленных тем:
1) потеря карты
2) необходимость временной блокировки карты","Хочу поменять адрес в профиле, как это сделать?",Проблемы с картами,0,Проверка идентификации клиента. Определение типа карты для блокировки. - Используй функцию <getCardType>. Подтверждение факта потери карты. - Функция <confirmLoss>. Блокировка карты в системе. - Используй функцию <blockCard>. Уведомление клиента о завершении процедуры блокировки.,"[""getCardType"", ""confirmLoss"", ""blockCard""]"
Информация о транзакции,"Запрос пользователя связан с одной из перечисленных тем:
1) уточнение о конкретной транзакции
2) запрос деталей недавней оплаты","Я не знаю, как открыть новый вклад.",Транзакции,0,Проверка идентификации пользователя. Получение истории транзакций. - Используй функцию <getTransactionHistory()> Определение состояния ожидаемых транзакций. Анализ причин задержек. - Используй функцию <analyzeDelayReasons()> Уведомление о возможных рисках транзакций.,"[""getTransactionHistory()"", ""analyzeDelayReasons()""]"
Оформление страхования автомобиля,"Запрос пользователя связан с одной из перечисленных тем:
1) страхование автомобиля
2) информация о полисах страхования","У меня есть вопрос о кредите, могу я получить помощь?",Страхование,0,Сбор необходимой информации о транспортном средстве. Оценка рисков и определение типа страхования. - Используй функцию <оценкаРисков()>. Предложение клиенту различных страховых пакетов. Согласование условий страхования. Оформление полиса. - Используй функцию <оформлениеПолиса()>.,"[""\u043e\u0446\u0435\u043d\u043a\u0430\u0420\u0438\u0441\u043a\u043e\u0432()"", ""\u043e\u0444\u043e\u0440\u043c\u043b\u0435\u043d\u0438\u0435\u041f\u043e\u043b\u0438\u0441\u0430()""]"
Консультация по инвестиционным фондам,"Запрос пользователя связан с одной из следующих тем: инвестиционные фонды
Пользователь затрагивает интерес к альтернативным инвестициям или хочет узнать о вариантах увеличения капитала","Мне нужно узнать, какая у вас зарплатная карта, я надеюсь на хорошую ставку.",Инвестиции,0,Сбор информации о предпочтениях клиента. Анализ рисков и целей инвестирования. Предложение подходящих инвестиционных фондов. - Используй функцию <getInvestmentOptions()>. Обсуждение возможной доходности и сроков. Оформление заявки на выбранный фонд. - Используй функцию <submitInvestmentApplication()>.,"[""getInvestmentOptions()"", ""submitInvestmentApplication()""]"
Изменение условий кредита,"Запрос пользователя связан с одной из перечисленных тем:
1) изменение процентной ставки
2) изменение срока кредита","Можно узнать, сколько мне осталось платить по кредиту?",Кредитование,0,Проверка идентификационных данных клиента. Оценка текущих условий кредита. - Используй функцию <get_current_loan_terms> Предложение новых условий и вариантов рефинансирования. - Функция <provide_refinancing_options>. Согласование новых условий с клиентом. Оформление изменений в кредитном договоре.,"[""get_current_loan_terms"", ""provide_refinancing_options""]"
Восстановление доступа к мобильному банкингу,"Запрос пользователя связан с одной из перечисленных тем:
1) восстановление пароля
2) проблемы с входом в мобильное приложение","Я забыл пароль от мобильного банкинга, что делать?",Мобильный банкинг,1,Проверка идентификационных данных клиента. Верификация личности через OTP. - Используй функцию <send_otp>. Анализ причин блокировки доступа. Сброс пароля по запросу. - Функция <reset_password>. Подтверждение успешного восстановления доступа.,"[""send_otp"", ""reset_password""]"
Защита счета от мошенничества,"Запрос пользователя связан с одной из перечисленных тем:
1) подозрительная активность на счете
2) уведомление о возможном мошенничестве","У меня тут какая-то ерунда с деньгами, помогите!",Безопасность счета,1,Проверка активности на счете. Анализ подозрительных транзакций. - Используй функцию <analyzeTransactions> Уведомление клиента о возможных мошеннических действиях. Блокировка счета при подтверждении мошенничества. - Функция <blockAccount>. Возврат средств при выявлении мошенничества.,"[""analyzeTransactions"", ""blockAccount""]"
Безопасность банковской карты,"Запрос пользователя связан с одной из перечисленных тем:
1) подозрительная транзакция
2) блокировка карты","Как мне узнать, хватает ли денег на счету?",Проблемы с картами,0,Проверка подозрительной активности на карте. Уведомление клиента о блокировке карты. - Используй функцию <send_notification>. Анализ транзакций для выявления необычных действий. - Используй функцию <analyze_transactions>. Предложение клиенту восстановить доступ к карте после подтверждения личности.,"[""send_notification"", ""analyze_transactions""]"
Отмена транзакции,Запрос пользователя связан с одной из перечисленных тем: 1) отмена платёжной транзакции 2) ошибочная транзакция,Как мне изменить свои настройки аккаунта?,Транзакции,0,Проверка статуса транзакции. Подтверждение личности клиента. - Используй функцию <verifyClientIdentity()>. Определение причин отмены транзакции.,"[""verifyClientIdentity()""]"
Получение информации о страховом полисе,"Запрос пользователя связан с одной из перечисленных тем:
1) действующий страховой полис
2) условия страхования","У меня есть страховка, подскажите, какие у меня условия?",Страхование,1,Проверка наличия действующих полисов. Получение деталей полиса. - Используй функцию <getPolicyDetails> Анализ условий страхования. - Предложи варианты с использованием функции <analyzeInsuranceTerms>.,"[""getPolicyDetails"", ""analyzeInsuranceTerms""]"
Обзор инвестиционных продуктов,"Запрос пользователя связан с одной из перечисленных тем:
1) инвестиции
2) вклад в акции
3) паевые инвестиционные фонды",Что такое инвестиции? Я не разбираюсь.,Инвестиции,1,Проверка доступных инвестиционных продуктов. Анализ предпочтений клиента. - Используй функцию <analyze_client_preferences()> Сравнение доходностей различных продуктов. - Функция <compare_investment_returns()>. Рекомендация подходящих вариантов. - Функция <recommend_investment_options()>. Подтверждение выбора клиента.,"[""analyze_client_preferences()"", ""compare_investment_returns()"", ""recommend_investment_options()""]"
Изменение условий кредита,"Запрос пользователя связан с одной из перечисленных тем:
1) изменение процентной ставки
2) перерасчет сроков погашения
3) изменение суммы кредита",Какой у вас курс валюты сегодня? Я в этом не очень разбираюсь.,Кредитование,0,Проверка данных клиента. Анализ текущих условий кредита. - Используй функцию <getCurrentLoanConditions>. Определение желаемых изменений. - Функция <suggestLoanModificationOptions>. Согласование новых условий. - Функция <reviewProposedChanges>. Оформление изменений в кредите.,"[""getCurrentLoanConditions"", ""suggestLoanModificationOptions"", ""reviewProposedChanges""]"
Изменение лимита услуг мобильного банкинга,"Запрос пользователя связан с одной из перечисленных тем:
1) изменение лимита
2) запрос на увеличении лимита услуг","Как узнать, какой у меня лимит на кредит?",Мобильный банкинг,0,Проверка идентификации клиента. Определение текущего лимита. - Используй функцию <getCurrentLimit>. Анализ запросов на изменение лимита. - Используй функцию <analyzeLimitChangeRequests>. Подтверждение нового лимита.,"[""getCurrentLimit"", ""analyzeLimitChangeRequests""]"
Мониторинг транзакций,"Запрос пользователя связан с одной из перечисленных тем:
1) подозрительные транзакции
2) несанкционированные списания",Как мне поменять пароль от интернет-банка?,Безопасность счета,0,Проверка истории транзакций клиента. Идентификация подозрительных операций. - Используй функцию <detect_suspicious_transactions>. Анализ геолокации транзакций. - Применить функцию <analyze_transaction_location>. Уведомление клиента о результатах проверки. - Функция <send_alert_to_client>.,"[""detect_suspicious_transactions"", ""analyze_transaction_location"", ""send_alert_to_client""]"
Блокировка банковской карты,"Запрос пользователя связан с одной из перечисленных тем:
1) блокировка карты
2) временное ограничение операций по карте","У меня проблемы с интернет-банкингом, не могу зайти.",Проблемы с картами,0,Получение информации о карте клиента. Проверка причины блокировки. Выполнение блокировки карты. - Используй функцию <block_card()>.,"[""block_card()""]"
Статус транзакции,"Запрос пользователя связан с одной из перечисленных тем:
1) проверка статуса перевода
2) возврат средств",Какой курс валюты на сегодня?,Транзакции,0,Получение идентификатора транзакции. Проверка статуса транзакции в системе. - Используй функцию <checkTransactionStatus>. Информирование клиента о текущем статусе и возможных задержках.,"[""checkTransactionStatus""]"
Информация о страховых полисах,"Запрос пользователя связан с одной из перечисленных тем:
1) актуальность страхового полиса
2) изменение условий страхования","Привет, мне нужно пополнить баланс на счету, у меня в банке.",Страхование,0,Проверка данных клиента. Получение информации о доступных страховых полисах. - Используй функцию <getAvailablePolicies()>. Обработка запроса на детализацию полиса. - Функция <getPolicyDetails(policyId)>. Выдача рекомендаций по выбору полиса. - Используй функцию <suggestPolicies(coverageType)>.,"[""getAvailablePolicies()"", ""getPolicyDetails(policyId)"", ""suggestPolicies(coverageType)""]"
Консультация по инвестиционным продуктам,"Запрос пользователя связан с одной из перечисленных тем:
1) инвестиционные фонды
2) акции и облигации",А есть у вас что-то по кредитам или кредитным картам?,Инвестиции,0,Сбор информации о финансовых целях клиента. Анализ имеющихся активов и рисковых предпочтений. - Используй функцию <analyze_client_assets()> Предложение вариантов инвестиционных продуктов. - Предложи варианты с использованием функции <suggest_investment_options()>. Обсуждение сроков и условий инвестирования.,"[""analyze_client_assets()"", ""suggest_investment_options()""]"
Обработка кредита,"Запрос пользователя связан с одной из перечисленных тем:
1) получение кредита
2) условия кредитования","Хочу взять кредит, подскажите, что нужно.",Кредитование,1,Проверка кредитной истории клиента. Оценка финансового состояния. - Используй функцию <calculateDebtToIncomeRatio()>. Определение условий кредита. - Предложи варианты с использованием функции <generateLoanOptions()>.,"[""calculateDebtToIncomeRatio()"", ""generateLoanOptions()""]"
Информация о функционале мобильного приложения,"Запрос пользователя связан с одной из перечисленных тем:
1) функции мобильного банкинга
2) доступность приложения для использования",Сколько стоит снять деньги в банкомате?,Мобильный банкинг,0,Определение доступных функций приложения. Показ информации о балансе счета. - Используй функцию <getBalance>. Предоставление подробностей о переводах. - Функция <getTransactionDetails>. Инструктирование по настройке уведомлений. - Функция <setNotifications>. Обзор возможностей безопасности приложения.,"[""getBalance"", ""getTransactionDetails"", ""setNotifications""]"
Проверка транзакций,"Запрос пользователя связан с одной из перечисленных тем:
1) подозрительная транзакция
2) запрос на блокировку счета","Мне просто интересно, сколько у меня осталось на счете.",Безопасность счета,0,Идентификация клиента. Проверка списка последних транзакций. - Используй функцию <getRecentTransactions()> Анализ подозрительных операций. Уведомление клиента о подозрительных транзакциях. Оформление запроса на блокировку карты. - Используй функцию <blockCard()>,"[""getRecentTransactions()"", ""blockCard()""]"
Блокировка банковской карты,"Запрос пользователя связан с одной из перечисленных тем:
1) блокировка карты
2) оповещение о несанкционированных транзакциях",Где можно посмотреть последние новости о банке?,Проблемы с картами,0,Проверка состояния карты клиента. Верификация личности клиента. - Используй функцию <verify_identity()>. Определение причины блокировки. - Предложи варианты с использованием функции <suggest_block_reason()>. Выполнение блокировки карты. - Функция <block_card()>.,"[""verify_identity()"", ""suggest_block_reason()"", ""block_card()""]"
Отмена транзакции,"Запрос пользователя связан с одной из перечисленных тем: 
1) отмена транзакции
2) возврат средств",Мне нужна информация о ваших кредитных картах.,Транзакции,0,"Получение информации о транзакции, которую необходимо отменить. Проверка статуса транзакции. - Используй функцию <checkTransactionStatus> Подтверждение личности клиента. - Функция <verifyIdentity> Обработка запроса на отмену. - Используй функцию <processCancellationRequest> Уведомление клиента о результате отмены транзакции.","[""checkTransactionStatus"", ""verifyIdentity"", ""processCancellationRequest""]"
Информация о полисе страхования,"Запрос пользователя связан с одной из перечисленных тем:
1) информация о действующем полисе
2) изменение данных в полисе",Сколько стоит ваша жизнь страховка?,Страхование,0,Проверка наличия полиса у клиента. Верификация данных по полису. - Используй функцию <verifyPolicyDetails>. Получение информации о покрытиях полиса. - Применить функцию <getPolicyCoverages>. Предоставление сведений о сроках действия полиса. - Используй функцию <getPolicyValidityDates>.,"[""verifyPolicyDetails"", ""getPolicyCoverages"", ""getPolicyValidityDates""]"
Консультация по инвестиционным продуктам,"Запрос пользователя связан с одной из перечисленных тем:
1) инвестиции в акции
2) инвестиции в облигации
3) паевые инвестиционные фонды",Какой фонд акций мне лучше выбрать?,Инвестиции,1,Проверка профиля клиента. Оценка рисков инвестиций. - Используй функцию <evaluateInvestmentRisks()>. Предложение инвестиционных продуктов. - Используй функцию <suggestInvestmentOptions()>. Поддержка клиента в процессе принятия решения. - Функция <provideDecisionSupport()>.,"[""evaluateInvestmentRisks()"", ""suggestInvestmentOptions()"", ""provideDecisionSupport()""]"
Изменение условий кредитования,"Запрос пользователя связан с одной из перечисленных тем:
1) изменение процентной ставки
2) изменение срока кредита","Кредитные истории вас не касаются, мне просто интересно, сколько у вас отделений.",Кредитование,0,Проверка текущих условий кредита. Сбор информации о финансовом состоянии клиента. Определение возможных вариантов изменения условий. - Используй функцию <расчет новых условий кредита>. Согласование новых условий с клиентом.,"[""\u0440\u0430\u0441\u0447\u0435\u0442 \u043d\u043e\u0432\u044b\u0445 \u0443\u0441\u043b\u043e\u0432\u0438\u0439 \u043a\u0440\u0435\u0434\u0438\u0442\u0430""]"
Блокировка мобильного банка,"Запрос пользователя связан с одной из перечисленных тем:
1) необходимость заблокировать доступ к мобильному банкингу
2) подозрение на несанкционированный доступ к аккаунту","У меня возникли вопросы по кредиту, можете объяснить, как его оформить?",Мобильный банкинг,0,Проверка идентификационных данных клиента. Подтверждение причины блокировки. - Используй функцию <get_user_reason>. Оценка состояния счета и активных операций. - Функция <check_account_status>. Оформление блокировки и уведомление клиента. - Используй функцию <notify_blocking>.,"[""get_user_reason"", ""check_account_status"", ""notify_blocking""]"
Блокировка счета при подозрительных транзакциях,"Запрос пользователя связан с одной из перечисленных тем:
1) подозрительная транзакция
2) необходимость временной блокировки счета","Мне нужно узнать, сколько у меня на счету?",Безопасность счета,0,"Проверка данных клиента. Идентификация подозрительных транзакций. - Используй функцию <identify_suspicious_transactions>. Оценка рисков, связанных с блокировкой. - Применить функцию <assess_lock_risks>. Блокировка счета. - Функция <lock_account>.","[""identify_suspicious_transactions"", ""assess_lock_risks"", ""lock_account""]"
Блокировка карты после утраты,"Запрос пользователя связан с одной из перечисленных тем:
1) потеря карты
2) необходимость заблокировать карту","Я потерял свою карту, как мне ее заблокировать?",Проблемы с картами,1,Проверка информации о клиенте. Подтверждение утраты карты. - Используй функцию <verifyCardLoss> Идентификация последней транзакции. - Функция <getLastTransaction> Блокировка карты. - Применить функцию <blockCard> Информирование клиента о статусе блокировки.,"[""verifyCardLoss"", ""getLastTransaction"", ""blockCard""]"
Информация о транзакциях,"Запрос пользователя связан с одной из перечисленных тем:
1) получение подробной информации о недавних транзакциях
2) уточнение статуса проведенной транзакции",Почему у вас такие высокие процентные ставки?,Транзакции,0,Проверка идентификации пользователя. Получение списка последних транзакций. - Используй функцию <get_transaction_history> Фильтрация транзакций по дате. - Применить функцию <filter_transactions_by_date> Подсчет суммы всех транзакций. - Используй функцию <calculate_total_transactions> Отправка отчета пользователю.,"[""get_transaction_history"", ""filter_transactions_by_date"", ""calculate_total_transactions""]"
Информация о страховом полисе,"Запрос пользователя связан с одной из перечисленных тем:
1) уточнение условий страхового полиса
2) получение информации о сроках действия полиса",Сколько стоит у вас страховка на машину?,Страхование,0,Проверка наличия страхового полиса. Получение данных о полисе. - Используй функцию <getPolicyDetails()> Определение покрываемых рисков. - Примените функцию <getCoverageDetails()>. Расчет стоимости полиса на основе предоставленных данных. - Функция <calculatePremium()>. Предоставление информации о возможности продления полиса. - Используй функцию <checkRenewalOptions()>.,"[""getPolicyDetails()"", ""getCoverageDetails()"", ""calculatePremium()"", ""checkRenewalOptions()""]"
Консультация по инвестициям на фондовом рынке,"Запрос пользователя связан с одной из перечисленных тем:
1) инвестиции в акции
2) диверсификация портфеля
3) стратегии долгосрочных вложений",Что вы можете сказать про Инвестирование? Я хочу вложить свои деньги.,Инвестиции,0,Определение инвестиционных целей клиента. Анализ текущего инвестиционного портфеля. - Используй функцию <анализ_портфеля>. Предложение инвестиционных стратегий. - Функция <предложение_стратегий>. Обсуждение рисков и возможностей. - Обсуждение актуальных рыночных условий. Подготовка документов для инвестирования.,"[""\u0430\u043d\u0430\u043b\u0438\u0437_\u043f\u043e\u0440\u0442\u0444\u0435\u043b\u044f"", ""\u043f\u0440\u0435\u0434\u043b\u043e\u0436\u0435\u043d\u0438\u0435_\u0441\u0442\u0440\u0430\u0442\u0435\u0433\u0438\u0439""]"
Информация о кредитном лимите,"Запрос пользователя связан с одной из перечисленных тем:
1) информация о кредитном лимите
2) изменение условий кредита","Я хочу узнать, какие у вас есть предложения по кредитам.",Кредитование,0,Проверка статуса клиента. Сбор информации о текущем кредитном лимите. - Используй функцию <get_current_credit_limit()>. Оценка возможности изменения кредитного лимита. - Функция <assess_credit_limit_change()>. Предоставление информации о доступных кредитных лимитах. - Используй функцию <get_available_credit_limits()>.,"[""get_current_credit_limit()"", ""assess_credit_limit_change()"", ""get_available_credit_limits()""]"
Мониторинг перевода средств,"Запрос пользователя связан с одной из перечисленных тем:
1) статус перевода
2) задержка перевода
3) отмена перевода",Мне нужно сменить адрес проживания в банке.,Мобильный банкинг,0,Получение информации о текущем статусе перевода. Проверка сроков обработки. - Используй функцию <checkProcessingTime> Информирование о возможных задержках. - Предложи варианты с использованием функции <alertDelayOptions>. Отправка уведомления клиенту о статусе. - Функция <sendStatusNotification>.,"[""checkProcessingTime"", ""alertDelayOptions"", ""sendStatusNotification""]"
Анализ подозрительных транзакций,"Запрос пользователя связан с одной из перечисленных тем: 
1) подозрительные транзакции на счете
2) уведомления о необычной активности",Какой у вас курс доллара сегодня?,Безопасность счета,0,Сбор информации о транзакциях. Проверка на наличие мошеннической активности. - Используй функцию <checkFraudActivity()> Анализ поведения клиента. - Применить функцию <analyzeCustomerBehavior()>,"[""checkFraudActivity()"", ""analyzeCustomerBehavior()""]"
Восстановление банковской карты после кражи,"Запрос пользователя связан с одной из перечисленных тем:
1) кража карты
2) подозрительная активность по карте",Вы можете рассказать о тарифах по депозитам?,Проблемы с картами,0,Запрос информации о краже карты. Проверка идентификационных данных клиента. - Используй функцию <verify_identity()>. Блокировка утерянной карты. - Используй функцию <block_card()>. Создание новой карты и отправка клиенту. Подтверждение восстановления карты.,"[""verify_identity()"", ""block_card()""]"
Информация о транзакции,"Запрос пользователя связан с темой транзакций
Пользователь пытается выяснить детали недавней операции по своему счету","Мне не нужны ваши услуги, просто скажите, сколько у меня денег на счете.",Транзакции,0,Проверка идентификации клиента. Получение истории транзакций. - Используй функцию <get_transaction_history>. Анализ сумму транзакции. - Примените функцию <calculate_transaction_summary>. Предоставление информации о статусе транзакции. - Функция <get_transaction_status>. Отправка уведомлений о подозрительных операциях. - Используй функцию <send_alerts>.,"[""get_transaction_history"", ""calculate_transaction_summary"", ""get_transaction_status"", ""send_alerts""]"
Получение информации о страховом полисе,"Запрос пользователя связан с одной из перечисленных тем:
1) уточнение деталей полиса
2) изменение условий страхования","Я хотел бы узнать, как дела у моего друга. Он тоже с вами страховался.",Страхование,0,Проверка номера страхового полиса. Поиск информации о страховом полисе. - Используй функцию <fetchPolicyInfo>. Получение данных о сроках действия полиса. - Функция <getPolicyExpiry>. Анализ условий страхового покрытия. - Используй функцию <analyzeCoverage>. Предоставление резюме полиса клиенту. - Функция <summarizePolicy>.,"[""fetchPolicyInfo"", ""getPolicyExpiry"", ""analyzeCoverage"", ""summarizePolicy""]"
Консультация по инвестиционным стратегиям,"Запрос пользователя связан с одной из перечисленных тем:
1) инвестиционные стратегии
2) диверсификация портфеля",Какие у вас есть рекомендации по диверсификации инвестиционного портфеля?,Инвестиции,1,Проверка инвестиционных целей клиента. Анализ текущего портфеля активов. - Используй функцию <analyzePortfolio()>. Предложение различных инвестиционных стратегий. - Функция <suggestInvestmentStrategies()>. Обсуждение рисков и возможностей.,"[""analyzePortfolio()"", ""suggestInvestmentStrategies()""]"
Проверка возможности рефинансирования кредита,"Запрос пользователя связан с одной из перечисленных тем:
1) условия рефинансирования
2) процентные ставки по кредитам",Как я могу рефинансировать свой кредит?,Кредитование,1,Проверка кредитной истории клиента. Оценка текущих условий кредита. - Используй функцию <getCurrentLoanConditions> Определение возможных вариантов рефинансирования. - Предложи варианты с использованием функции <suggestRefinancingOptions>.,"[""getCurrentLoanConditions"", ""suggestRefinancingOptions""]"
Смена пароля в мобильном банкинге,"Запрос пользователя связан с одной из перечисленных тем:
1) смена пароля
2) восстановление доступа к аккаунту","У меня есть вопрос о вашем приложении, но не помню пароль.",Мобильный банкинг,1,Идентификация пользователя. Проверка текущего пароля. - Используй функцию <check_current_password>. Создание нового пароля. - Предложи варианты сложности с использованием функции <suggest_password_strength>. Сохранение нового пароля. - Функция <update_password>.,"[""check_current_password"", ""suggest_password_strength"", ""update_password""]"
Анализ подозрительных транзакций,Запрос пользователя связан с одной из перечисленных тем: 1) подозрительные транзакции 2) уведомления о безопасности,"Почему у меня в счете есть какая-то сумма с магазина? Не понимаю, что это.",Безопасность счета,1,Идентификация подозрительных транзакций. Проверка истории транзакций клиента. - Используй функцию <getTransactionHistory()>. Сравнение транзакций с типичными паттернами клиента. - Применить функцию <compareWithUserPatterns()>. Оповещение клиента о подозрительных действиях. Запуск процесса блокировки транзакции. - Используй функцию <initiateTransactionBlock()>.,"[""getTransactionHistory()"", ""compareWithUserPatterns()"", ""initiateTransactionBlock()""]"
Проблемы с оплатой картой,"Запрос пользователя связан с одной из перечисленных тем:
1) блокировка карты
2) проблемы с оплатой",Как узнать баланс на счете?,Проблемы с картами,0,Проверка статуса платежа. Анализ причин блокировки. - Используй функцию <get_block_reason()>. Информирование клиента о возможных действиях. - Предложи варианты с использованием функции <suggest_resolutions()>. Проверка лимитов и доступных средств. - Функция <check_limits()>. Разблокировка карты по запросу. - Используй функцию <unblock_card()>.,"[""get_block_reason()"", ""suggest_resolutions()"", ""check_limits()"", ""unblock_card()""]"
Проверка транзакции на счете,"Запрос пользователя связан с одной из перечисленных тем:
1) недоступность информации о транзакциях
2) сомнительная транзакция на счете
3) необходимость получения детализации операций","Расскажи, сколько у меня на счету, я что-то забыл.",Транзакции,0,Идентификация клиента. Запрос деталей о транзакции. Проверка статуса транзакции. - Используй функцию <checkTransactionStatus>. Предоставление информации о последних транзакциях. Завершение проверки.,"[""checkTransactionStatus""]"
Оформление страхования недвижимости,"Запрос пользователя связан с одной из перечисленных тем:
1) страхование жилья
2) страховые полисы","Мне нужно застраховать квартиру, расскажите о ваших полисах.",Страхование,1,Проверка данных клиента. Оценка стоимости недвижимости. - Используй функцию <calculate_property_value()>. Определение типа страхования. - Предложи варианты с использованием функции <suggest_insurance_types()>. Согласование условий полиса. - Функция <negotiate_policy_terms()>. Оформление страхового полиса. - Используй функцию <issue_insurance_certificate()>.,"[""calculate_property_value()"", ""suggest_insurance_types()"", ""negotiate_policy_terms()"", ""issue_insurance_certificate()""]"
Консультация по инвестиционным продуктам,"Запрос пользователя связан с одной из перечисленных тем:
1) инвестиционные фонды
2) брокерские услуги
3) диверсификация портфеля","Недавно купил шторы, они были со скидкой, это выгодно?",Инвестиции,0,Анализ инвестиционных целей клиента. Оценка риска. - Используй функцию <оценка_риска()>. Предложение инвестиционных продуктов. - Предложи варианты с использованием функции <предложение_инструментов()>. Обсуждение сроков и доходности.,"[""\u043e\u0446\u0435\u043d\u043a\u0430_\u0440\u0438\u0441\u043a\u0430"", ""\u043f\u0440\u0435\u0434\u043b\u043e\u0436\u0435\u043d\u0438\u0435_\u0438\u043d\u0441\u0442\u0440\u0443\u043c\u0435\u043d\u0442\u043e\u0432""]"
Изменение условий кредита,"Запрос пользователя связан с одной из перечисленных тем:
1) изменение срока кредита
2) изменение процентной ставки","Как долго еще мне платить по кредиту, я не хочу озадачиваться этим.",Кредитование,0,Проверка идентификационных данных клиента. Анализ текущих условий кредита. Определение возможных вариантов изменения условий. - Используй функцию <предложить_варианты_изменений>. Согласование новых условий. - Функция <согласовать_условия>. Оформление документов на изменение условий кредита.,"[""\u043f\u0440\u0435\u0434\u043b\u043e\u0436\u0438\u0442\u044c_\u0432\u0430\u0440\u0438\u0430\u043d\u0442\u044b_\u0438\u0437\u043c\u0435\u043d\u0435\u043d\u0438\u0439"", ""\u0441\u043e\u0433\u043b\u0430\u0441\u043e\u0432\u0430\u0442\u044c_\u0443\u0441\u043b\u043e\u0432\u0438\u044f""]"
Проверка доступного баланса,"Запрос пользователя связан с одной из перечисленных тем:
1) проверка баланса
2) запрос информации о транзакциях","Что-то с картой не так, как мне разблокировать?",Мобильный банкинг,0,Идентификация пользователя. Получение информации о текущих счетах. - Используй функцию <getAccountInfo()> Отображение доступных балансов по каждому счету. Подсчет общего доступного баланса. - Функция <calculateTotalBalance()>.,"[""getAccountInfo()"", ""calculateTotalBalance()""]"
Проверка транзакционной активности,"Запрос пользователя связан с одной из перечисленных тем:
1) подозрительные транзакции
2) сообщения о мошенничестве
3) блокировка счета","Я увидел странную транзакцию на своем счете, что делать?",Безопасность счета,1,"Анализ последних транзакций клиента. Выявление подозрительных операций. Запрос дополнительной информации о транзакциях. - Используй функцию <>. Оценка рисков, связанных с подозрительными транзакциями. Подготовка отчета о транзакционной активности.","[""list of funcs>""]"
Блокировка банковской карты,"Запрос пользователя связан с одной из перечисленных тем:
1) блокировка карты
2) временная деактивация карты","Я не могу найти свою карту, заблокируйте ее, пожалуйста.",Проблемы с картами,1,Проверка идентификационных данных клиента. Определение причины блокировки карты. - Используй функцию <get_block_reason> Подтверждение личности клиента. - Функция <verify_identity>. Исполнение блокации карты. - Функция <execute_card_block>. Уведомление клиента о блокировке.,"[""get_block_reason"", ""verify_identity"", ""execute_card_block""]"
Отмена транзакции,"Запрос пользователя связан с одной из перечисленных тем:
1) отмена недавней транзакции
2) ошибка в списании средств","Не могу понять, как вернуть деньги за ту покупку, что была на прошлой неделе.",Транзакции,1,Проверка идентификационной информации клиента. Подтверждение детали транзакции для отмены. - Используй функцию <getTransactionDetails>. Анализ причин отмены транзакции. Обработка запроса на отмену. - Функция <processCancellationRequest>. Информирование клиента о статусе отмены транзакции. - Используй функцию <notifyCancellationStatus>.,"[""getTransactionDetails"", ""processCancellationRequest"", ""notifyCancellationStatus""]"
Страхование автомобиля,"Запрос пользователя связан с одной из перечисленных тем:
1) страхование автомобиля
2) оформление страховки
3) изменение условий страховки",Мне нужно подробнее узнать о страховке на машину.,Страхование,1,Проверка данных клиента. Определение типа страхования. - Используй функцию <определитьТипСтрахования> Расчет стоимости полиса. Оформление страхового полиса. - Функция <оформитьПолис> Отправка документации клиенту.,"[""\u043e\u043f\u0440\u0435\u0434\u0435\u043b\u0438\u0442\u044c\u0422\u0438\u043f\u0421\u0442\u0440\u0430\u0445\u043e\u0432\u0430\u043d\u0438\u044f"", ""\u043e\u0444\u043e\u0440\u043c\u0438\u0442\u044c\u041f\u043e\u043b\u0438\u0441""]"
Консультация по инвестиционному портфелю,"Запрос пользователя связан с одной из перечисленных тем:
1) инвестиции в акции
2) диверсификация портфеля
3) риски инвестиций","Мне нужно больше информации о том, как правильно инвестировать в акции, вы бы не могли объяснить?",Инвестиции,1,Проверка финансового положения клиента. Оценка рисков инвестиций. - Используй функцию <analyzeInvestmentRisks>. Предложение вариантов распределения активов. - Функция <suggestAssetAllocation>. Обсуждение возможных доходов и сроков. - Функция <calculatePotentialReturns>.,"[""analyzeInvestmentRisks"", ""suggestAssetAllocation"", ""calculatePotentialReturns""]"
Информация о кредитах,"Запрос пользователя связан с одной из перечисленных тем:
1) условия получения кредита
2) процентные ставки по кредитам
3) сроки погашения кредитов","Я хочу узнать, какие условия для получения кредита у вас?",Кредитование,1,Проверка кредитной истории клиента. Определение доступных кредитных продуктов. - Используй функцию <getAvailableLoans()> Предоставление информации о процентных ставках. - Используй функцию <getInterestRates()> Согласование условий кредита. Оформление заявки на кредит.,"[""getAvailableLoans()"", ""getInterestRates()""]"
Настройки уведомлений в мобильном банкинге,"Запрос пользователя связан с одной из перечисленных тем:
1) изменение настроек уведомлений
2) активация или деактивация уведомлений","Что вы посоветуете для улучшения работы приложение? Я хочу, чтобы все стало быстрее.",Мобильный банкинг,0,Проверка текущих настроек уведомлений. Обновление предпочтений пользователя. - Используй функцию <updateNotificationPreferences>. Выбор типов уведомлений для активации. - Предложи варианты с использованием функции <suggestNotificationTypes>. Подтверждение изменений. - Функция <confirmChanges>.,"[""updateNotificationPreferences"", ""suggestNotificationTypes"", ""confirmChanges""]"
Проверка безопасности счета,"Запрос пользователя связан с одной из перечисленных тем:
1) подозрительная активность на счету
2) изменение пароля или пин-кода
3) уведомление о несанкционированных операциях","У меня подозрение, что кто-то воспользовался моим счетом без разрешения!",Безопасность счета,1,"Идентификация клиента по данным. Проверка активности транзакций. - Используй функцию <checkTransactionActivity()> Оценка рисков, связанных с учетной записью. - Используй функцию <assessAccountRisk()> Подтверждение последних операций. - Используй функцию <confirmRecentTransactions()> Уведомление клиента о результате проверки.","[""checkTransactionActivity()"", ""assessAccountRisk()"", ""confirmRecentTransactions()""]"
Помощь при утрате банковской карты,"Запрос пользователя связан с одной из перечисленных тем:
1) потеря карты
2) необходимость блокировки карты","Я потерял свою карту, что мне делать?",Проблемы с картами,1,Проверка идентификации клиента. Определение статуса карты. - Используй функцию <check_card_status> Блокировка утерянной карты. - Функция <block_lost_card>. Выдача временной карты. - Предложи варианты с использованием функции <issue_temp_card>.,"[""check_card_status"", ""block_lost_card"", ""issue_temp_card""]"
Информация о транзакциях,"Запрос пользователя связан с одной из перечисленных тем:
1) запрос истории транзакций
2) запрос детализации конкретной транзакции",Сколько у меня выводов налички было в прошлом месяце?,Транзакции,1,Проверка идентификации пользователя. Получение истории транзакций. - Используй функцию <getTransactionHistory>. Фильтрация транзакций по дате и сумме.,"[""getTransactionHistory""]"
Выплата по страховому случаю,"Запрос пользователя связан с одной из перечисленных тем:
1) страховой случай
2) получение выплаты
3) оформление документов на страхование","Мне нужно, чтобы вы сказали, как вытянуть деньги с вашей страховки.",Страхование,1,Проверка данных о страховке. Верификация статуса застрахованного события. - Используй функцию <проверка_статуса_страхового_случая>. Определение суммы выплаты на основе условий полиса. Согласование способа получения выплаты. - Используй функцию <расчет_способов_выплаты>. Оформление документов для выплаты.,"[""\u043f\u0440\u043e\u0432\u0435\u0440\u043a\u0430_\u0441\u0442\u0430\u0442\u0443\u0441\u0430_\u0441\u0442\u0440\u0430\u0445\u043e\u0432\u043e\u0433\u043e_\u0441\u043b\u0443\u0447\u0430\u044f"", ""\u0440\u0430\u0441\u0447\u0435\u0442_\u0441\u043f\u043e\u0441\u043e\u0431\u043e\u0432_\u0432\u044b\u043f\u043b\u0430\u0442\u044b""]"
Консультация по инвестиционным стратегиям,"Запрос пользователя связан с одной из перечисленных тем:
1) инвестиции в акции
2) создание инвестиционного портфеля",Какие акции сейчас лучше покупать?,Инвестиции,1,Сбор информации о финансовых целях клиента. Анализ текущего портфеля инвестиций. - Используй функцию <анализ_портфеля>. Предложение различных инвестиционных стратегий в зависимости от рискового профиля клиента.,"[""\u0430\u043d\u0430\u043b\u0438\u0437_\u043f\u043e\u0440\u0442\u0444\u0435\u043b\u044f""]"
Изменение условий кредитования,"Запрос пользователя связан с одной из перечисленных тем:
1) изменение процентной ставки
2) увеличение срока кредита
3) досрочное погашение кредита",А когда будет следующий платеж по кредиту?,Кредитование,0,Проверка данных клиента. Оценка текущих условий кредита. - Используй функцию <getCurrentLoanTerms>. Предложение новых условий. - Функция <generateNewLoanOptions>. Согласование изменений. - Функция <confirmLoanModification>. Оформление новой кредитной документации.,"[""getCurrentLoanTerms"", ""generateNewLoanOptions"", ""confirmLoanModification""]"
Активация мобильного банкинга,"Запрос пользователя связан с одной из перечисленных тем:
1) активация мобильного приложения
2) проблемы с входом в мобильный банкинг",Сколько у вас филиалов в городе?,Мобильный банкинг,0,Проверка наличия учетной записи клиента. Подтверждение идентификационных данных. - Используй функцию <проверка идентификации>. Активация подписки на мобильные уведомления. - Функция <активация уведомлений>. Установка необходимых настроек безопасности. - Используй функцию <настройка безопасности>. Подтверждение успешной активации мобильного банкинга.,"[""\u043f\u0440\u043e\u0432\u0435\u0440\u043a\u0430 \u0438\u0434\u0435\u043d\u0442\u0438\u0444\u0438\u043a\u0430\u0446\u0438\u0438"", ""\u0430\u043a\u0442\u0438\u0432\u0430\u0446\u0438\u044f \u0443\u0432\u0435\u0434\u043e\u043c\u043b\u0435\u043d\u0438\u0439"", ""\u043d\u0430\u0441\u0442\u0440\u043e\u0439\u043a\u0430 \u0431\u0435\u0437\u043e\u043f\u0430\u0441\u043d\u043e\u0441\u0442\u0438""]"
Проверка необычной активности на счете,"Запрос пользователя связан с одной из перечисленных тем:
1) подозрительные транзакции
2) неожиданные списания со счета","У меня тут списания какие-то странные, чё это за дела?",Безопасность счета,1,Проверка данных клиента. Анализ последних транзакций. - Используй функцию <анализ_транзакций()> Определение необъяснимой активности. - Функция <выявление_аналогий()>. Уведомление клиента о подозрительной активности. - Используй функцию <отправка_уведомления()>. Запрос подтверждения операций. - Функция <подтверждение_операций()>.,"[""\u0430\u043d\u0430\u043b\u0438\u0437_\u0442\u0440\u0430\u043d\u0437\u0430\u043a\u0446\u0438\u0439()"", ""\u0432\u044b\u044f\u0432\u043b\u0435\u043d\u0438\u0435_\u0430\u043d\u0430\u043b\u043e\u0433\u0438\u0439()"", ""\u043e\u0442\u043f\u0440\u0430\u0432\u043a\u0430_\u0443\u0432\u0435\u0434\u043e\u043c\u043b\u0435\u043d\u0438\u044f()"", ""\u043f\u043e\u0434\u0442\u0432\u0435\u0440\u0436\u0434\u0435\u043d\u0438\u0435_\u043e\u043f\u0435\u0440\u0430\u0446\u0438\u0439()""]"
Восстановление доступа к карте,Запрос пользователя связан с одной из перечисленных тем: 1) блокировка карты 2) забытый PIN-код,Почему ваша карта так долго не работает? Неужели мне нужно идти в отделение?,Проблемы с картами,0,Проверка статуса карты. Верификация личности клиента. - Используй функцию <проверка_идентификации()>. Определение причины блокировки карты. Проведение необходимых процедур для разблокировки. - Функция <разблокировка_карты()>.,"[""\u043f\u0440\u043e\u0432\u0435\u0440\u043a\u0430_\u0438\u0434\u0435\u043d\u0442\u0438\u0444\u0438\u043a\u0430\u0446\u0438\u0438()"", ""\u0440\u0430\u0437\u0431\u043b\u043e\u043a\u0438\u0440\u043e\u0432\u043a\u0430_\u043a\u0430\u0440\u0442\u044b()""]"
Статус транзакции,"Запрос пользователя связан с одной из перечисленных тем:
1) отмена транзакции
2) проверка статуса перевода","Я хочу проверить статус перевода, который я сделал вчера.",Транзакции,1,Получение информации о транзакции. Проверка статуса транзакции. - Используй функцию <checkTransactionStatus>. Анализ времени обработки. - Используй функцию <estimateProcessingTime>. Определение причины задержки (если есть). - Функция <identifyDelayReason>. Отправка уведомления клиенту о статусе транзакции. - Используй функцию <sendStatusNotification>.,"[""checkTransactionStatus"", ""estimateProcessingTime"", ""identifyDelayReason"", ""sendStatusNotification""]"
Страхование жилья,"Запрос пользователя связан с одной из перечисленных тем:
1) страхование недвижимости
2) оценка страхового покрытия","У меня есть страховка на дом, но я не помню, сколько она покрывает.",Страхование,1,Сбор информации о недвижимости. Оценка рисков и предложение необходимых полисов. - Используй функцию <оценкаРиска()>. Подготовка документов для оформления полиса. - Функция <подготовкаДокументов()>.,"[""\u043e\u0446\u0435\u043d\u043a\u0430\u0420\u0438\u0441\u043a\u0430"", ""\u043f\u043e\u0434\u0433\u043e\u0442\u043e\u0432\u043a\u0430\u0414\u043e\u043a\u0443\u043c\u0435\u043d\u0442\u043e\u0432""]"
Консультация по инвестициям,"Запрос пользователя связан с одной из перечисленных тем:
1) оценка текущих инвестиций
2) рекомендации по диверсификации портфеля","Я хочу понять, как мои акции справляются на рынке.",Инвестиции,1,"Проверка инвестиционных целей клиента. Оценка текущего портфеля. - Используй функцию <analyzePortfolio()>. Предложение вариантов инвестиционных инструментов. - Функция <suggestInvestmentOptions()>. Обсуждение рисков и потенциала доходности. - Применить функцию <assessRisk()>, чтобы оценить риски.","[""analyzePortfolio()"", ""suggestInvestmentOptions()"", ""assessRisk()""]"
Увеличение кредитного лимита,"Запрос пользователя связан с одной из перечисленных тем:
1) увеличение кредитного лимита
2) уточнение текущего кредитного лимита",Почему у вас так много отделений по городу?,Кредитование,0,Проверка текущего кредитного лимита клиента. Анализ кредитной истории. - Используй функцию <analyze_credit_history>. Определение максимально возможного лимита в зависимости от дохода. Согласование новых условий лимита. - Функция <confirm_new_limits>.,"[""analyze_credit_history"", ""confirm_new_limits""]"
Открытие нового банковского счета,"Запрос пользователя связан с одной из перечисленных тем:
1) открытие счета
2) условия по счетам
3) процентные ставки","Мне нужно узнать, как открыть счёт в вашем банке!",Мобильный банкинг,1,Проверка идентификационных данных клиента. Сбор информации о предпочтениях клиента. - Используй функцию <getClientPreferences>. Выбор типа счета на основе собранных данных. - Предложи варианты с использованием функции <suggestAccountTypes>. Оформление документов для открытия счета. - Используй функцию <prepareDocuments>.,
Активация мер безопасности счета,"Запрос пользователя связан с одной из перечисленных тем:
1) подозрительная активность на счете
2) необходимость изменения настроек безопасности",Какой курс доллара сейчас?,Безопасность счета,0,Проверка идентификации клиента. Анализ активности по счету. - Используй функцию <анализ_транзакций>. Уведомление клиента о возможных рисках. Настройка дополнительных мер безопасности. - Функция <активация_двухфакторной_аутентификации>. Подтверждение настроек безопасности.,"[""\u0430\u043d\u0430\u043b\u0438\u0437_\u0442\u0440\u0430\u043d\u0437\u0430\u043a\u0446\u0438\u0439"", ""\u0430\u043a\u0442\u0438\u0432\u0430\u0446\u0438\u044f_\u0434\u0432\u0443\u0445\u0444\u0430\u043a\u0442\u043e\u0440\u043d\u043e\u0439_\u0430\u0443\u0442\u0435\u043d\u0442\u0438\u0444\u0438\u043a\u0430\u0446\u0438\u0438""]"
Восстановление карты после кражи,"Запрос пользователя связан с одной из перечисленных тем:
1) кража карты
2) необходимость блокировки карты","У меня есть вопрос о кредите, но я потерял карточку.",Проблемы с картами,0,Проверка идентификационных данных клиента. Проверка блокировки карты. - Используй функцию <check_card_block_status> Определение способа восстановления карты. - Предложи варианты с использованием функции <suggest_recovery_methods>. Оформление заявки на восстановление карты. - Функция <submit_recovery_request>.,"[""check_card_block_status"", ""suggest_recovery_methods"", ""submit_recovery_request""]"
Информация о транзакциях,"Запрос пользователя связан с одной из перечисленных тем:
1) детализация транзакций
2) запрос на возврат транзакции","Я хочу знать, сколько денег прошло через мой счёт. Можно как-то узнать?",Транзакции,1,Получение списка последних транзакций клиента. Фильтрация транзакций по категории. - Используй функцию <filterTransactionsByCategory> Проверка статуса транзакций. - Функция <checkTransactionStatus>.,"[""filterTransactionsByCategory"", ""checkTransactionStatus""]"
Информация о страховом полисе,"Запрос пользователя связан с одной из перечисленных тем:
1) страхование жилья
2) страхование автомобиля
3) страхование здоровья","У меня есть полис автострахования, можешь рассказать о нем?",Страхование,1,Проверка данных клиента. Поиск информации о доступных страховых полисах. - Используй функцию <getAvailablePolicies()>. Получение деталей о конкретном полисе. - Используй функцию <getPolicyDetails(policyId)>. Предоставление информации о сроках и условиях. Заключение договора.,"[""getAvailablePolicies()"", ""getPolicyDetails(policyId)""]"
Консультация по инвестиционным продуктам,"Запрос пользователя связан с одной из перечисленных тем:
1) инвестиционные фонды
2) акции и облигации",Какие инвестиционные фонды вы можете предложить?,Инвестиции,1,Проверка текущих финансовых целей клиента. Предложение различных инвестиционных стратегий. - Используй функцию <выбор_стратегии()>. Обсуждение рисков и доходности. - Функция <анализ_рисков()>. Объяснение условий и сроков инвестирования. - Используй функцию <информация_о_продуктах()>. Подготовка индивидуального инвестиционного предложения.,"[""\u0432\u044b\u0431\u043e\u0440_\u0441\u0442\u0440\u0430\u0442\u0435\u0433\u0438\u0438()"", ""\u0430\u043d\u0430\u043b\u0438\u0437_\u0440\u0438\u0441\u043a\u043e\u0432()"", ""\u0438\u043d\u0444\u043e\u0440\u043c\u0430\u0446\u0438\u044f_\u043e_\u043f\u0440\u043e\u0434\u0443\u043a\u0442\u0430\u0445()""]"
Изменение условий кредита,"Запрос пользователя связан с одной из перечисленных тем:
1) изменение процентной ставки
2) увеличение срока кредита","Почему у вас такие высокие проценты по кредиту, а не по вкладам?",Кредитование,0,Проверка информации о текущем кредите. Оценка финансового состояния клиента. - Используй функцию <evaluate_financial_status>. Предложение новых условий кредита. - Используй функцию <generate_new_terms>. Согласование новых условий. - Функция <confirm_new_terms>. Оформление изменений в кредитном договоре. - Используй функцию <update_loan_agreement>.,"[""evaluate_financial_status"", ""generate_new_terms"", ""confirm_new_terms"", ""update_loan_agreement""]"
Получение информации о транзакциях,"Запрос пользователя связан с одной из перечисленных тем:
1) просмотр истории транзакций
2) уточнение деталей недавней оплаты","Эй, где мои расходы за прошлую неделю?",Мобильный банкинг,1,Идентификация клиента. Получение списка последних транзакций. - Используй функцию <getLastTransactions>. Фильтрация транзакций по датам. - Применить функцию <filterTransactionsByDate>. Отображение деталей транзакции. - Используй функцию <getTransactionDetails>.,"[""getLastTransactions"", ""filterTransactionsByDate"", ""getTransactionDetails""]"
Уведомление о подозрительной активности,"Запрос пользователя связан с одной из перечисленных тем:
1) подозрительные транзакции
2) уведомления о безопасности","Мне пришло сообщение, что с моего счета сняли деньги, хотя я ничего не покупал вообще.",Безопасность счета,1,Проверка активности на счете клиента. Анализ транзакций для выявления подозрительных операций. - Используй функцию <analyze_transactions()> Уведомление клиента о выявленных подозрениях. - Функция <send_notification()>. Рекомендации по блокировке карты при необходимости.,"[""analyze_transactions()"", ""send_notification()""]"
Блокировка карты после утраты,"Запрос пользователя связан с одной из перечисленных тем:
1) потеря карты
2) кража карты","Я не могу найти свою карту, похоже, я её потерял.",Проблемы с картами,1,Проверка данных клиента. Подтверждение утраты карты. - Используй функцию <проверка_идентификации>. Блокировка карты в системе. - Функция <блокировка_карты>. Информирование клиента о статусе блокировки. - Используй функцию <уведомление_клиента>. Предложение новых вариантов карт. - Функция <предложение_новых_карт>.,"[""\u043f\u0440\u043e\u0432\u0435\u0440\u043a\u0430_\u0438\u0434\u0435\u043d\u0442\u0438\u0444\u0438\u043a\u0430\u0446\u0438\u0438"", ""\u0431\u043b\u043e\u043a\u0438\u0440\u043e\u0432\u043a\u0430_\u043a\u0430\u0440\u0442\u044b"", ""\u0443\u0432\u0435\u0434\u043e\u043c\u043b\u0435\u043d\u0438\u0435_\u043a\u043b\u0438\u0435\u043d\u0442\u0430"", ""\u043f\u0440\u0435\u0434\u043b\u043e\u0436\u0435\u043d\u0438\u0435_\u043d\u043e\u0432\u044b\u0445_\u043a\u0430\u0440\u0442""]"
Информация о транзакциях,"Запрос пользователя связан с одной из перечисленных тем:
1) просмотр транзакций
2) уточнение статуса перевода",Почему у меня такие высокие комиссии? Я только что сделал платеж!,Транзакции,0,Проверка идентификационных данных клиента. Получение списка выполненных транзакций. - Используй функцию <fetch_transactions()>. Анализ сумм и категорий транзакций. - Применить функцию <categorize_transactions()>. Предоставление информации о последних транзакциях. Формирование отчета о транзакциях. - Используй функцию <generate_report()>.,"[""fetch_transactions()"", ""categorize_transactions()"", ""generate_report()""]"
Страхование автомобиля,"Запрос пользователя связан с одной из перечисленных тем:
1) оформление страховки на автомобиль
2) изменение условий существующей страховки",Мне нужно оформить страховку на новый автомобиль.,Страхование,1,Проверка данных клиента. Оценка стоимости автомобиля. - Используй функцию <calculate_car_value()>. Определение необходимых условий страхования. - Предложи варианты с использованием функции <suggest_insurance_options()>. Согласование условий и оформление полиса. - Функция <finalize_policy()>.,"[""calculate_car_value()"", ""suggest_insurance_options()"", ""finalize_policy()""]"
Получение кредита,"Запрос пользователя связан с одной из перечисленных тем:
1) получение кредита
2) условия кредитования
3) расчет кредитного платежа","Я хочу получить потребительский кредит, расскажите о ставках и условиях.",Кредитование,1,Проверка кредитной истории клиента. Оценка необходимой суммы кредита. - Используй функцию <calculateLoanAmount()> Определение срока кредита и процентной ставки. - Используй функцию <offerInterestRates()> Сбор необходимых документов для оформления кредита.,"[""calculateLoanAmount()"", ""offerInterestRates()""]"
Восстановление доступа к мобильному банкингу,"Запрос пользователя связан с одной из перечисленных тем:
1) восстановление пароля
2) блокировка аккаунта","Не помню, как зайти, что делать?",Мобильный банкинг,0,Проверка идентификации клиента. Отправка кода подтверждения на зарегистрированный номер телефона. - Используй функцию <send_verification_code()>. Проверка введенного кода и восстановление доступа. Уведомление клиента о завершении процесса восстановления.,"[""send_verification_code()""]"
Проверка активности счета,"Запрос пользователя связан с одной из перечисленных тем:
1) подозрительная активность на счете
2) запрос информации о последних транзакциях","У меня на счету появилось какое-то подозрительное списание, что делать?",Безопасность счета,1,Получение информации о текущем балансе счета. Проверка последних транзакций. - Используй функцию <get_recent_transactions()> Анализ активности по счету. - Функция <analyze_account_activity()> Выявление аномалий в транзакциях. Предоставление отчета о состоянии счета. - Используй функцию <generate_account_report()>,"[""get_recent_transactions()"", ""analyze_account_activity()"", ""generate_account_report()""]"
Блокировка банковской карты в случае кражи,"Запрос пользователя связан с одной из перечисленных тем:
1) кража карты
2) подозрительные транзакции","Слушай, кажется, я оставил карту в другом городе, как мне ее заблокировать?",Проблемы с картами,1,Проверка идентификации клиента. Подтверждение факта кражи карты. - Используй функцию <проверка_кражи>. Блокировка карты для предотвращения несанкционированных операций. - Функция <блокировка_карты>. Выдача новой карты и информации о сроках ее получения. Рекомендации по безопасности и дальнейшие действия для клиента.,"[""\u043f\u0440\u043e\u0432\u0435\u0440\u043a\u0430_\u043a\u0440\u0430\u0436\u0438"", ""\u0431\u043b\u043e\u043a\u0438\u0440\u043e\u0432\u043a\u0430_\u043a\u0430\u0440\u0442\u044b""]"
Проверка статуса транзакции,"Запрос пользователя связан с одной из перечисленных тем:
1) статус транзакции
2) подтверждение оплаты","Я хочу узнать, прошла ли моя последняя транзакция на 5000 рублей.",Транзакции,1,Идентификация пользователя. Проверка статуса транзакции в системе. - Используй функцию <checkTransactionStatus>. Получение деталей последней транзакции. - Используй функцию <getLastTransactionDetails>. Отправка уведомления о статусе транзакции. Предоставление информации о времени обработки транзакции. - Функция <getProcessingTime>.,"[""checkTransactionStatus"", ""getLastTransactionDetails"", ""getProcessingTime""]"
Информация о страховом полисе,"Запрос пользователя связан с одной из перечисленных тем:
1) изменение условий страхования
2) получение информации о действующем полисе","У меня есть полис на квартиру, хочу узнать, какие изменения можно внести.",Страхование,1,Проверка идентификации клиента. Получение сведений о полисе. - Используй функцию <getPolicyDetails()> Определение статуса полиса. - Функция <checkPolicyStatus()>. Предоставление информации о возможных изменениях в полисе. - Используй функцию <getPolicyUpdates()>.,"[""getPolicyDetails()"", ""checkPolicyStatus()"", ""getPolicyUpdates()""]"
Инвестиционные стратегии,"Запрос пользователя связан с одной из перечисленных тем:
1) долгосрочные инвестиции
2) диверсификация портфеля
3) фондовый рынок","Вы что, инвестициями занимаетесь? У меня тут дискуссия с другом.",Инвестиции,0,Проверка инвестиционных целей клиента. Анализ текущего портфеля клиента. - Используй функцию <analyzePortfolio()>. Определение подходящих стратегий. - Предложи варианты с использованием функции <suggestStrategies()>. Обсуждение рисков и доходности.,"[""analyzePortfolio()"", ""suggestStrategies()""]"
